driver_ID,first_name,last_name,driver_license,customer_service_ID
1,Marleah,Audsley,LCPS 91270036ZF6BF,1
2,Philippine,McGloughlin,MWMI 99503934ZJ2WH,3
3,Christos,Baron,GDJE 55272399VL8RH,4
4,Jacobo,Perrycost,NTSC 52883800AG2XP,6
5,Leonerd,Strutley,SHVR 30056417XA3RM,9
6,Calli,Nuzzetti,WPAS 45959112YK3HZ,10
7,Star,Ball,USYB 25590390SE1HU,5
8,Christabel,Le Franc,RRKN 11076576XR0TO,7
9,Robenia,Huygens,SKIG 83977001GD4VL,2
10,Curcio,Barracks,AVYJ 08782023PD2VM,8
11,Ellyn,Gorelli,LNOA 59094982VM7JX,6
12,Carlie,Gravenall,ZZNG 47904653QE2SW,5
13,Isahella,Lorence,NOQG 33029072JU0QG,2
14,Bartel,Seebert,ENCH 47353970UU9XU,7
15,Carly,Studholme,RBYD 29613436MI8SW,10
16,Arlana,Keppie,HLHV 65970534YB0IU,4
17,Gavin,Hurdedge,WEAX 02660254YE0FR,8
18,Sadella,Dunlop,SFLQ 40697566KG9NI,1
19,Theodoric,Neagle,OITJ 77000904JK2WB,9
20,Vidovik,Davydochkin,XHMB 93766371UE0YT,3
21,Deb,Ruddiman,PFTJ 00763020DS6GC,4
22,Micheil,Fishbourn,QQJJ 67647298EZ2WK,10
23,Donelle,Skyner,DETO 45710489OF7XO,8
24,Trace,Wickling,VFFG 28189367IB2SX,9
25,Tressa,Sullivan,ZFZN 75367820JQ5HG,7
26,Adora,Tourle,UTJM 40312519YR8KM,2
27,Fiona,Amdohr,FNQX 93930705IB6RD,1
28,Archaimbaud,Hargreave,GLMN 87459550NW2SJ,3
29,Abagail,Snowman,XFTN 96945075PC7PM,6
30,Cordie,Rudd,BBWK 48467698IO4LD,5
31,Vannie,Worsnap,AUVY 48640946NJ8FM,8
32,Collie,Jewsbury,ZVFD 16647226YF4VN,3
33,Eve,Cattermole,DFOS 42972337UU6UF,10
34,Gloria,Trumper,RHEJ 71213470HM8EY,9
35,Giovanni,Tremmil,HQGH 70036618YP7RM,5
36,Kristo,Carriage,CNHT 55040343ZP8IS,7
37,Trevor,Dearnaley,RHZA 02397731HW7GX,6
38,Ivory,Pepineaux,BXUC 08235279ZI2PY,2
39,Cris,Grimsley,QXKZ 80070160NU4LH,4
40,Addy,Blamire,PYIL 72989237IE8WC,1
41,Dagmar,Rushe,ERVE 38868606YW4AW,6
42,Drona,Conneely,PPBU 96692110NX5QA,9
43,Carolyn,Sherreard,MASV 11626592JE2DS,1
44,Bobby,Delaney,PBDV 00560243LR8FN,7
45,Diane,Siggins,FZCO 93696275UA8CP,10
46,Timmie,Drust,JSBA 43878207HU7RB,2
47,Derek,Cargill,NNZP 31510654WH3GI,3
48,Korrie,Maccraw,DSZJ 65058472CI6ZM,5
49,Marylynne,Feast,AXUK 13791297PD9YQ,8
50,Simonne,Massingham,EZCF 42878721JS9MJ,4
51,Dorrie,Petrushkevich,DWUG 76372465MB4CI,3
52,Ola,McCrae,EUDN 67561399WC5HL,1
53,Aristotle,Yablsley,AAMB 36464542KM0JG,6
54,Renate,Finlater,WNEV 90180261WD2LR,10
55,Hayward,Felkin,ZUST 09035268DB5QN,2
56,Tabb,Gillyatt,TIUD 61709391AS1NO,8
57,Prudence,Aird,XBZE 98790772XS4CL,5
58,Kacy,Garretts,AWLQ 92481007TA0AF,9
59,Culver,Meredyth,SYSZ 27367526KQ0LW,7
60,Caitlin,Josefovic,QKFQ 15514901DP2FZ,4
61,Phyllis,Blundan,WZII 02153717YA0GU,1
62,Drusie,Butland,ENQT 27145318MW3AZ,4
63,Ashlen,Duggen,UJIC 14461848QU9PR,10
64,Melvyn,Hendrick,RGAL 09898679XP7FI,3
65,Hale,Million,QXBQ 99165852XN4HY,9
66,Madeline,Swale,QPGJ 01154426PO0IM,7
67,Fairfax,Vennard,WYET 48691950UN3LF,2
68,Erek,Colebourn,ZPEO 15493057XO4GR,5
69,Esra,Mangam,YCYA 61185251GO2RX,6
70,Guilbert,Clutterham,NADG 38050579LP2PB,8
71,Jud,Vellacott,ZUKX 29930672FP2ED,6
72,Art,Moran,WCWP 81942746EQ9NP,10
73,Jayne,McCoveney,CMNT 66432079ML6CQ,2
74,Pippo,Pothbury,RPWZ 31043845HX3OY,1
75,Orren,Binnes,ONWM 21126542AH0QZ,7
76,Elladine,Fosken,XYSS 82752345DO1WR,3
77,Irene,Edgehill,JVQU 10801294QR7QM,9
78,Palmer,Rosenbush,SOWI 47787825LN2QM,4
79,Fredek,Broz,XGWV 74265681XJ2SU,5
80,Sal,Greaser,JZEN 92625568MK9CF,8
81,Thaine,Waters,AEKT 01423840JW2NP,7
82,Gale,Karpman,GUFP 60600029MD3AM,6
83,Maximilianus,Jumel,DWZR 90285458BV0UT,4
84,Maurise,Corssen,PYGZ 89982984VB9HX,9
85,Briana,Ball,QCSY 64542937DX5BJ,8
86,Ram,Vasechkin,YYVX 14378537MX9WK,1
87,Elbertina,Goater,RFBJ 84911412BB3RH,3
88,Kelly,Byrch,QKTM 35671877GS6LE,5
89,Brantley,Kilgallon,FNWS 61387722XC8MZ,2
90,Erl,Smaling,QOGM 42718644RF8XX,10
91,Florenza,Winterbottom,NQPE 30275124BM2VP,3
92,Clark,Belchem,ATWW 41433539XE8KC,2
93,Rafe,Rutledge,SKIG 49475505LW5VZ,9
94,Trueman,Adshead,WSWI 66158219IW1MG,7
95,Tanhya,Oppie,TUEF 25096773GB0YP,10
96,Nanon,Weale,MQTD 36611198DD6QD,5
97,Blanch,Blackley,TPKU 21961629MQ6KV,8
98,Fenelia,Mogford,PLDL 31190659OT0WK,4
99,Lowell,Corde,GTBQ 36176639GX2DF,6
100,Adams,Eick,OWWI 97582974FV2KM,1
101,Caspar,Zamora,BUVU 80847574LI6AK,8
102,Lenci,Bertelsen,UIGE 11747503YZ7ES,1
103,Malory,Biss,NQYH 22738242LF8KP,3
104,Fancie,Stubbings,LJHV 49699491LH0NH,6
105,Dix,Simants,RESI 73651475AP9OB,7
106,Jeremiah,Coniam,OHYY 07114977EP3RG,10
107,Dick,Casiero,VGUL 50403582EZ5TS,5
108,Jarrod,Well,VWRC 54368990PN3UG,4
109,Marni,Triggle,OBUB 83838579XG5SY,2
110,Hiram,Peschmann,YAUN 72968211XX9KI,9
111,Tiebout,Rebert,HLFI 72609262FC8UU,3
112,Thorin,Merfin,MJAO 80374629XC4TX,7
113,Vaclav,Crafter,LWVB 90611092FW5CE,1
114,Vernice,Neggrini,OBXW 84203910GX9RS,6
115,Collette,Dmitrienko,KSCC 04247633EY6WY,9
116,Demetri,Annies,BPTG 83659162ZC1YP,2
117,Woodman,Atley,XLQI 99308851LV9VO,4
118,Lethia,Dunckley,CEKN 93824743BZ8BN,8
119,Corny,Girkins,YXQG 39909058XH3WT,5
120,Nat,Fullager,TPUW 63478482TC4KW,10
121,Brant,Duiguid,XJVF 97634276GY9IL,10
122,Doug,Andreone,IVZT 31551781EY1DA,7
123,Germain,Cowper,LMQF 43204736NJ7LC,6
124,Rene,Pavelin,SALZ 24343445BM3YO,8
125,Shelden,Bibby,QDBO 23654655TI8VQ,1
126,Karly,McCrystal,PRGW 16989891NU3UV,9
127,Jerald,Pinkerton,BXZP 07820800QX9BO,2
128,Finn,Bloss,JHHC 09142314SZ5TD,5
129,Chelsea,Watkiss,LVAC 84241977JB2TQ,4
130,Jaymie,Phillimore,NZBC 38580825VP4NG,3
131,Krystal,Marconi,XXTN 04310943VI1UH,5
132,Valencia,Winsbury,WRYY 97096217AD3JC,3
133,Kennedy,Scones,AFXS 51292890CD9RZ,4
134,Hetty,Skitteral,XZCV 13982271RZ4GE,7
135,Christi,Maccrie,WEBC 93262500UR7NI,6
136,Jacqui,Pickersgill,DNXX 58603164MT5NY,10
137,Adela,Renforth,VIFL 05786208XS6NP,8
138,Fonsie,Yancey,UWVO 13253239KX3CX,1
139,Amelie,Linebarger,FVDO 16321395SG2LG,2
140,Chalmers,Gribbin,LRUF 20594638MR6MK,9
141,Yank,Sayton,TCFH 60486016LA8NM,10
142,Boris,Calladine,MHXJ 49533967OW7BZ,3
143,Kaitlin,Ondrich,YPYF 03460859IR2AG,7
144,Alfredo,Ellard,CXIL 59004523LM7NF,8
145,Cletus,MacKettrick,UIOU 27860882OC3RC,1
146,Alexandros,Hanmore,QGOQ 35100755IH0IG,9
147,Thornie,McFetridge,WCJL 03949558KY1ZX,5
148,Mathew,Stockport,KVWJ 81264187BQ1SZ,6
149,Happy,Pree,FUZL 06045763HR4UN,2
150,Maribelle,Lindegard,PEZX 59605594TT3UM,4
151,Fay,Mouncher,JICX 59010441OO3GC,5
152,Bambie,Allday,QQUG 73620064FS7SB,3
153,Kaela,Shapcote,ADCU 46239120JA7SM,2
154,Alistair,Tugwell,FTXE 98362085XN2UH,6
155,Mikael,Balnaves,TSER 86862406YH4YX,4
156,Ashia,Margetts,UKIE 11630539KK2NT,8
157,Dareen,Napolione,TUUQ 21937469FW5RT,1
158,Clarence,Bartosek,GNRR 09204295ZL4II,9
159,Lesley,MacMakin,QQTD 11820294BF7UJ,10
160,Brady,Riccetti,LSXY 26560737YF5JJ,7
161,Celestyn,O'Flaherty,HISS 98465492SO0RH,7
162,Lea,Clemendet,TYSE 55742159SW6KD,4
163,Franky,Hunton,WSNU 32889100BD8CU,10
164,Tallie,Callicott,JPTB 14666763VE2UO,8
165,Agnella,Claw,GIRB 81254476CA3CV,6
166,Marisa,Kitchener,MRGY 96084021UU4FD,1
167,Regen,Hullett,OMPI 91253010RE7VG,2
168,Carie,Threlfall,TQZA 43508326PQ4RL,5
169,Land,Giacomi,DGCX 07959630LM0SQ,3
170,Derby,Cauley,LOXN 47607257UL6SP,9
171,Alfy,Wrench,GDXR 36706261SI9JZ,8
172,Clem,Pimme,UYLR 11707987NW9OX,7
173,Chicky,Gately,BSWI 72211675HM4BK,3
174,Zacharia,Lutman,LCRK 14287882EQ9MS,6
175,Hetty,Laurenty,WLTV 35089205AB2HH,9
176,Breena,Newvell,WXPU 17045546OP8GN,5
177,Rog,Gush,RUCB 68550319CF2CW,2
178,Rubi,Height,YMRS 18670135NN2LV,1
179,Eugenio,Aggs,FDBT 92520076WQ2QT,4
180,Minne,Janovsky,HDFX 07655335DI2BF,10
181,Wes,Maun,VFPJ 94100692YY8TT,7
182,Antoine,Douce,OFXU 20079485HB3QG,4
183,Nadine,Streatfeild,LSXW 86231631CR2VL,10
184,Asher,Phillipps,SBJP 83097965OF2TO,5
185,Myron,Leward,TZOW 13965142OP3EE,2
186,Viole,Vallender,BKKY 72108663FB4BO,6
187,Karel,Gayter,SAQV 92926403YC5QU,8
188,Nada,Olyet,FJGL 06273895SD6ZR,9
189,Effie,Challenger,IZVC 29005060KW6BW,1
190,Alexa,Turnell,WJPR 98977609UL6UX,3
191,Angelita,Eborn,ILCI 69871891GL0DG,1
192,Zolly,Baradel,UABV 47876143DI8BL,2
193,Grady,O'Henery,AWBV 23686054VY4VI,9
194,Karlens,Terrington,TMHF 75873033FA5AJ,4
195,Paulie,Hadgkiss,SCMO 05018599JS7PV,3
196,Blake,Cantos,IVQC 73180908HF5QK,6
197,Judi,Tuvey,OORD 86289056CQ6ZP,5
198,Alec,Digg,QTKX 90150226KC7YZ,7
199,Lorette,Spenley,TYFO 20003645EL7DC,8
200,Osborne,Mairs,QZRI 52697208EP7ZD,10
201,Paulo,Fountaine,QGJX 54885787IE9OG,6
202,Valencia,Walters,RZJU 17942187WE2QB,8
203,Belva,Hartell,ZLDK 24285324HX1EO,9
204,Franzen,Okell,ODOK 46608263FU5FD,10
205,Glendon,Kryska,BQQS 67494798QH7GW,4
206,Corrie,Walbrun,VRXI 10239134KZ6TZ,5
207,Devinne,Laugherane,EUDU 95649039BE2KJ,2
208,Maurie,Lillee,DXRC 48416586IO5MB,7
209,Maryanne,Crigin,VRYR 43604673LN6IO,3
210,Adlai,Smyth,BOFW 13231426EV3MT,1
211,Danella,Duhig,ISFX 53533234KT9JB,1
212,Cathryn,Cleynman,CGBM 40675473UW0LJ,7
213,Eziechiele,Tomicki,LBTG 28201596ZE6DV,3
214,Lynelle,Zapata,NFNQ 80829047AY4TR,10
215,Myles,McGillicuddy,AENZ 27155498YK7RU,4
216,Timotheus,Wannan,HXCN 41419758MM1UW,9
217,Brana,Tomsett,LKAE 96231350NF0GV,8
218,Gamaliel,Dudman,RMWF 40057925AZ8FL,5
219,Gena,Henkmann,JDXK 80395264YN4NV,6
220,Kahlil,Chudleigh,BLMI 27842950TK2IB,2
221,Annamarie,Tideswell,ABUQ 67320151ZR4TX,4
222,Karolina,Martensen,CEBP 59859687VO3DQ,10
223,Lyn,Thorby,JZPQ 26622678UH1PC,2
224,Francine,McGillicuddy,CTYA 80285611UK5VO,7
225,George,Fullun,ZGHS 23030668HL6QC,3
226,Darell,Quaife,FXFJ 89923806HH2SM,9
227,Josefina,Martinovic,ROMC 97797430JP9KV,8
228,Glenn,Jaggar,QUNI 56080696CF2UW,1
229,De witt,Trazzi,YOLX 57706467XJ1MA,5
230,Hercule,Magenny,VXBF 34444001HS4FT,6
231,Anna-diana,Coull,WXSM 05366931LY9LJ,9
232,Ransell,Klimus,WPHY 72810795PE8SF,4
233,Griffy,Tilte,CKID 56552360BK8KM,5
234,Barnie,Basindale,LLMR 22318551CY9HO,1
235,Christopher,Harniman,WGQH 02435018WI1DR,2
236,Jennilee,Hutcheons,TBMQ 36759606GK6IV,3
237,Morton,Simonutti,LIXG 40570225YE8SJ,6
238,Domenic,Henrichsen,BCLG 99676879HC0AA,10
239,Davy,Roswarne,WVIE 12480528AJ2GS,8
240,Edie,O'Carran,HAUH 22541325XD2OW,7
241,Betti,Blackeby,HVET 75652901NX0TG,7
242,Emery,Olver,NYVP 93590405WV3YE,6
243,Netti,Gascoine,OEEO 42175546RI6RM,4
244,Ewart,Cajkler,SZHC 27890724CI2XK,9
245,Tove,Piff,QASN 77185084ZB5AG,1
246,Trudie,Carette,RULT 47554619DE7ZD,3
247,Esdras,Braisher,PQWS 25141749QZ2EW,10
248,Pembroke,Sandford,QMHE 17333585ZT8MJ,8
249,Lauralee,Cammacke,RJSQ 73139856NH7GA,5
250,Madelina,Gallard,HDJX 63650788LS7GO,2
251,Caterina,Pantridge,GYDM 54552453KN8EW,6
252,Hashim,Ranfield,RJVS 29891521MT2JH,3
253,Joseito,Daldan,NXRK 87106204BN9KQ,8
254,Zorine,Fahy,BBZP 00405051KM2RI,7
255,Ted,Cornewell,TYMU 53202465OI9VI,4
256,Cassy,Hampstead,HPAU 64587241UJ3UX,10
257,Veriee,Dawkes,FBWE 45091755ZG4JN,9
258,Bill,Furse,LPKV 02359409PD4UV,5
259,Belinda,Teacy,IZDI 86760770DO3HM,2
260,Louise,Wingham,OCIU 99946017YM2MB,1
261,Davine,Stuart,PEEP 28287281UY9VP,8
262,Essa,Monini,JKOL 90214762NK6VU,9
263,Cathryn,Laugharne,PIPO 01293813VZ3VZ,6
264,Fidole,Fuge,QKWT 10224751OZ8WF,10
265,Paulita,Kilner,RGRU 14546903BG1AY,1
266,Barny,Kilbourn,WSJE 74065717IP3JH,2
267,Krystle,Fleetwood,ACWP 99201706IJ2HU,3
268,Felipa,McKern,SDCA 07556167LG3JS,7
269,Ludwig,Graveston,KRGX 56099937WB6LC,5
270,Andie,Culbard,FPNE 25500420IK4UP,4
271,Byrom,Ivanenko,HQIY 40302477IK9UW,10
272,Deidre,Neary,IPCY 05460217OL9FW,6
273,Marj,Andrick,WIDO 35144500SG8IM,1
274,Val,Arndtsen,KKSA 43856278VC1OY,8
275,Sherwood,Ramsbottom,UMRP 81434672MP0SF,9
276,Nomi,Kelmere,DXDC 73945303QX2EI,4
277,Delainey,Zannolli,YFJQ 93752086ZQ5UJ,3
278,Pernell,Bremner,LSNU 39967843NH5MI,5
279,Carey,Armer,EKEF 62379738MS1MX,7
280,Drona,Ilyunin,UBMD 88081142MB8CN,2
281,Jobie,Shakeshaft,UKTA 27134003FG8VB,6
282,Novelia,Belden,BOGX 54425986HI2RO,5
283,Umberto,Mapother,FBZE 43272507HD3EK,3
284,Etty,Giannassi,FKRK 72524703ZQ5QA,4
285,Ingeberg,Sayse,TIPX 03997350LZ2NF,1
286,Jordan,Briggdale,IBKH 13558626DK3IX,2
287,Pearline,Albrook,JPEK 72066916XW7CB,10
288,Artemas,McLugish,JTGF 78674354ZC9UT,9
289,Vin,Siemandl,LCAN 84703405JL8GJ,7
290,Idalina,Morcom,ISWD 52493553NY8XT,8
291,Mollee,McCormack,XPDQ 79035691KI9PN,5
292,Nathanial,Drance,UXUA 03352382UU0QY,3
293,Katharine,Courage,VCAX 93488591CP4LE,2
294,Stefan,Lethieulier,VBHX 43981258DS2MP,8
295,Jolynn,Estick,DTIY 08427434DM9VH,6
296,Evangelina,Fellgate,KTQU 04528811NC2SB,4
297,Kally,Greenwell,LFFA 28582797SX6XP,7
298,Stace,Nickell,LACP 20033788NC5GU,9
299,Philomena,Ladds,CTQS 48151757CK6PC,1
300,Neron,Guion,PIPZ 77341869TP3XN,10
301,Jasmine,Basant,WRKR 37753155RO6WA,9
302,Ulla,Wyche,RRRE 77773724TZ5RX,6
303,Celestyn,Howchin,RYFR 06885556NO6UC,2
304,Ermanno,Mityushkin,PPMN 93770642QO2SE,1
305,Eddy,Stallybrass,BJAP 42184836IX7HQ,8
306,Angy,Greggor,CLXB 31437201CX0KM,5
307,Randell,Frenzel;,HTMA 75041676XG6YV,3
308,Dacey,Mintrim,MLAR 78017855TS3UF,4
309,Theobald,Freathy,RRCB 63023661WC7LS,10
310,Marga,Skamal,GBSN 79260753ZM4TV,7
311,Lorilee,Powley,ZWVQ 57735287EY0ED,10
312,Anselma,Stanesby,FSYJ 12221071JQ7XV,3
313,Delbert,Creedland,WQVN 23872683AX9YT,6
314,Kaela,Suffield,NOVC 89788018NJ6DA,9
315,Murial,MacMichael,JJSV 48525176LE6CZ,8
316,Giuseppe,Brymner,AZJW 75194254BJ2EM,1
317,Sawyer,Deathridge,SFJU 59464925JY5DG,2
318,Ring,Ambler,QJEK 16629182PN6RY,7
319,Samara,Ivshin,PMRO 22674975WO9SK,5
320,Hersh,Rand,PHQB 41738791OK1PH,4
321,Simonette,Denisyuk,RJTA 85435772YQ1OH,5
322,Sharona,Copcutt,XBJT 89049527RL3UX,2
323,Nolly,Di Biagi,XBDL 96744296MF1QA,9
324,Isiahi,Guile,ZUOX 08479394IA7FK,3
325,Connie,McMillan,IBUI 66422351ZQ5XS,8
326,Alikee,Humphery,UMQU 47184725DQ9HT,7
327,Amii,Goneau,WYZL 41401020ZL0LD,6
328,Quintus,Tamsett,NXUZ 40458141MD6SF,4
329,Herby,Bellworthy,WQBR 22820565AC9PX,10
330,Paulette,Wallis,ZVBH 54959212ND8LT,1
331,Martita,Roskam,XUHF 69517788DO4PT,3
332,Catlaina,Routhorn,RDPX 45106159JD9LZ,2
333,Libbie,O'Day,QLTB 96601933TP3IB,4
334,Jule,Ottam,XHNU 00145967UK1QU,1
335,Linda,McKeveney,CMYB 28407875XH7TL,9
336,Kamillah,Gyenes,BMNE 29651974DM3GZ,8
337,Kasey,Braganca,JZZB 39224086DS4QO,6
338,Jolee,Prazor,DTWW 23109664SM4JC,7
339,Tatum,Elcombe,ETLJ 10681299LS1AD,10
340,Manolo,Reame,VHGF 89355222OO7AO,5
341,Antonella,Fassan,XAVM 22145848BY7AO,3
342,Milly,Jensen,HMCB 85562248GL6EB,4
343,Ferdinand,Billison,RIDO 96788413PG3AL,8
344,Augustus,Lescop,AJTY 42094741PT3UQ,7
345,Milzie,Syder,BAMQ 05283226SE4QW,10
346,Upton,Excell,HJFM 76435708YP0AX,2
347,Annadiana,Sydry,VRVD 81940927EE7YV,6
348,Vanya,Soigoux,JQAS 63988274BT6ZM,9
349,Theresina,Guerra,MOTW 87845751CX3TD,5
350,Archy,Winmill,BZBV 97304892CK0WW,1
351,Tillie,Jenne,GXAO 23173419FN6SN,9
352,Morton,Sapsford,ROEB 23523019YJ0NS,7
353,Briny,Thring,VSML 86304814DI9ZB,5
354,Barby,Angelo,TZSF 25622907GA0TZ,1
355,Merlina,Conley,QLCQ 82371618OK2JI,8
356,Phyllys,Coronas,PWQT 91564744ZH3MX,6
357,Florence,Musker,DJHT 66537214DL1KF,10
358,Augustus,Beadel,WKNV 35215097MG9NW,2
359,Evvy,Caskey,CMJG 79353281RH8LE,4
360,Brett,Chopy,SQBS 89738122HQ4TQ,3
361,Meg,Klejin,QNJX 59563932TW6PI,10
362,Fredia,Kleinplac,PDAZ 76469242NN2NY,1
363,Marlo,Osmon,DSYG 68377011JP7WO,9
364,Verena,Glasson,ZYRC 49838615XV4XK,4
365,Callean,Malser,CODV 66943423VI0JQ,8
366,Robina,Kleinsinger,IITY 89153402DP0FQ,7
367,Harlen,Pettitt,RTVQ 48807603JS8BC,3
368,Cristie,Alner,VQXI 01893363TY4KN,6
369,Briny,Sleany,QQCN 85010122HI5CQ,2
370,Yul,Emms,XOBK 14167966MN0VL,5
371,Loralee,Clarage,WGSW 46413351PB3GZ,6
372,Ira,Assandri,XZOE 80324484WJ7US,7
373,Thatcher,Pettecrew,PNVR 85543564TR5ZN,5
374,Paulita,Spikings,LJNJ 54489141IW2YF,10
375,Sheela,McCaffrey,COVX 32992514XO2GE,9
376,Eldin,Kleinzweig,SLQJ 63821683FE4SD,1
377,Ryun,Blaksley,RXYB 29469044BZ0JB,4
378,Trix,Bennion,KLNR 34702112LO2SO,2
379,Denys,Byart,ZCRY 65846284AO5WQ,3
380,Rochelle,Guierre,QFKZ 44948294VM8TQ,8
381,Annabela,McMorran,CMWA 50633747IE6TU,6
382,Averell,Benn,RPQI 02172470UR4CF,3
383,Auguste,Grose,DXFA 18704528YZ8VD,9
384,Thaddus,Badham,AVKL 93589596IF5XA,5
385,Michele,Aucourte,JUKI 15461509VM0TA,2
386,Glyn,Loftie,GEHS 03331435FQ4NC,10
387,Dawn,Bunning,MBXS 75273618VI4LQ,7
388,Brade,Extall,FLNY 12237180PW4SR,8
389,Kirsteni,Ashpole,YALJ 94566067RL3YX,1
390,Ingrid,Crayke,OCCP 58673070IA8NF,4
391,Odelinda,Battison,MWKT 87591465EX7ZO,6
392,Wyatt,Fritter,ZACT 02099295EJ0HD,5
393,Hadria,Flux,PRZY 05613029QK9BE,2
394,Webb,Beviss,AMFG 16743189BY8XH,7
395,Adelbert,Heakins,DLDT 31866697XN2PQ,8
396,Wynny,Passy,WFCA 48651197PD6DA,3
397,Steven,Dionisii,ZDRW 34473778GB8RC,1
398,Alayne,Dachey,UNZB 50629009JR1NI,9
399,Phebe,Sayre,GCXS 19295550LK2AI,4
400,Nolan,Pizzie,VUUD 32979860GX6JC,10
401,Pate,Tissiman,FHCD 20415486CA8LI,6
402,Aurelie,Signore,MEFT 52939728KS5YB,3
403,Ximenez,McCritichie,OTRK 06154291HL7ZP,2
404,Donnell,Rival,NKSO 54498604SS5YH,7
405,Wernher,Dugmore,WPGS 47301458XM0OC,9
406,Laurens,Veasey,UFEQ 97971737VI7ZD,8
407,Wyatan,Boden,EQFC 95261716GB0IO,5
408,Michele,Lampel,LRSY 62105365DI5MR,4
409,Bessy,Burland,QOYV 68254247OE6EK,10
410,Blaine,Symcock,TUMN 37248880PK6BP,1
411,Katusha,Tubbles,TWSO 84316997NQ2LW,2
412,Artemus,Doldon,HLOH 89097176YA0NQ,3
413,Marvin,Barfield,UOOT 07217654UT9UH,6
414,Carena,Lace,CYGW 75965434XQ2XX,8
415,Theobald,Cordeau,XMSM 53392094RT9JP,9
416,Nadia,Guinery,USUV 22891930KK8UZ,4
417,Keir,Obeney,KXIN 78477171GU7YF,5
418,Conni,Raymond,ZAGI 85907410ZV5RR,7
419,Flor,Patrone,MOUP 23471517IA3TR,10
420,Drud,O' Connell,ISWL 68315286HX4YQ,1
421,Douglass,Chafer,ICML 14039210LZ6YK,3
422,Mirabelle,Hansom,ONQX 77917967ZX3BW,7
423,Gratiana,Emma,BUEX 61537448RT2KC,2
424,Francois,Greenland,SOPX 95259146KF0KT,4
425,Nester,Rees,JUNR 99876424RN9NW,5
426,Vasily,Bartelli,VJIT 68317834XS7UK,10
427,Silva,Dronsfield,CJVC 10833720WM5VA,9
428,Rodi,Vasiliu,OOHH 29507689PI4DT,1
429,Annmarie,Campey,UJDM 65924804QB7ZP,6
430,Georgina,Cammacke,YJWH 58666157BD6TL,8
431,Nestor,Belasco,ATEN 89646623IJ9EL,4
432,Stanleigh,Worsnup,GAOO 76362197GI1FO,9
433,Arluene,Faraker,LNTD 49216095CF3DG,3
434,Judon,Heathfield,EDMK 31587963OH4TD,6
435,Audi,Harradence,QVQD 39274868VE6SL,2
436,Mirella,Gorvin,EUOT 88943961FU4RL,10
437,Dierdre,Hadwen,AOTX 38209791OP7NG,7
438,Riobard,Maggs,ISFG 98580980UA8HM,1
439,Ruth,Schultze,WEKQ 62877330OO0EI,8
440,Jens,Kingsnoad,HKOW 36852879OA4OJ,5
441,Franny,Grandison,RLNL 27694623SQ0RT,4
442,Page,Dufour,LHZY 09901821LZ3TL,8
443,Chiquita,O'Leagham,NTBK 81882425ZM9TF,3
444,Colet,Blanc,UYYQ 64514520OA8XX,1
445,Magda,Betham,XAUM 90575758UV8EO,6
446,Britni,Gloyens,LBLS 96405351RI6HV,7
447,Farra,Attwater,KGFS 48817174YQ6ML,10
448,Friedrich,Kohlerman,GIEG 74809780HS0TV,5
449,Berenice,Whitemarsh,DTWC 76452648UB4QY,2
450,Edwin,McReath,AKZG 83461981XN9LS,9
451,Lanny,Shilleto,EKPV 25719780LF1ED,7
452,Davon,Bortolozzi,UKBW 90038171DT1WE,8
453,Homerus,Cowey,SLIR 35948909XM9RC,6
454,Raychel,Buyers,LPZS 97726543MZ9VD,1
455,Maynord,Grelka,ZLSG 56186727HL5OQ,4
456,Kathleen,Dunster,OBNS 68128233LP8MX,5
457,Lenee,Ogglebie,NWZU 25008764LE2ES,10
458,Phyllida,Dalliwater,VPSX 86997989TL4VY,3
459,Madelle,Rainsbury,RQUC 20491456SC4MI,9
460,Aldrich,Wiggins,MZZD 37031720NB5ER,2
461,Agatha,Foskin,GIBR 66579492KV4KG,2
462,Grace,Cottingham,UODD 71160711KI9ZX,10
463,Corissa,Aleshkov,BTDT 17604515ZJ4FV,6
464,Roseline,Beddoes,OMCY 03394864JT9BD,5
465,Oona,O'Towey,TZQW 87096217XI3VY,9
466,Wainwright,McKirdy,RGYE 32708427DH7EY,7
467,Joann,Viney,LVDP 80728950FE8TQ,1
468,Blondelle,Styant,XZWT 79791781CC0UW,3
469,Stephine,Jirka,DRGF 50959382QZ7EB,4
470,Melva,Chimenti,KRSC 78500588HF2QX,8
471,Aguie,Blackbrough,VQWC 89639187ZQ6MO,3
472,Rhett,Cherm,TNCX 80916895QD2BU,5
473,Celine,Flicker,KGAZ 54808189OP8ZF,9
474,Doug,Claw,TQNP 17864543AQ2BO,2
475,Valencia,Serrurier,PGOL 32398159QR2GU,7
476,Worthy,Bousler,RYQI 77687496BY6ME,10
477,Reuven,Abdey,HPAF 44460564ID7IV,6
478,Rodi,Kiwitz,VLPO 59065582OL1VA,1
479,Isacco,McInerney,NYLE 43515081YF5YS,4
480,Michaella,Ridehalgh,HHIT 71210282QW6ZW,8
481,Imogen,Allbon,WEWH 34993384XE2ZO,3
482,Neville,Mithon,KJZT 13200968BF1UE,10
483,Tracey,Domnick,KDOG 82856653BW2YI,2
484,Elliot,Beedell,XLGA 81939036EP6BA,6
485,Colin,Nockells,XGCT 30871092WN6UV,1
486,Aurlie,Hawksby,AUFT 79149537JK6ZG,7
487,Cathlene,Cowper,ASKS 44931656UF7MO,5
488,Arden,Smallcombe,GOYA 31748305SC6QD,4
489,Berk,Snedker,NDXD 86086883GZ0TI,9
490,Malachi,Muriel,IYMB 26211353QZ0YR,8
491,Laurene,Drury,TVME 86442411SI8KZ,6
492,Wyatan,Huggen,FTXE 10281449PX2QR,4
493,Ethelred,Chagg,AGIV 99807705AF7KZ,5
494,Artemus,Rottery,OTJA 20394817JB7AR,9
495,Joela,Shreeve,RCCN 96577159OU1BD,10
496,Gabi,Crosetti,ZYXL 63021951PC8UD,1
497,Salvatore,Ecclestone,EKQX 61206847ZD0YR,7
498,Inger,Shawcross,RSUC 42899844JH3QF,3
499,Ilsa,Houndson,BAEN 04753165OK5JX,2
500,Elwyn,Busch,NBFI 42682445GA1HV,8
501,Elroy,Welford,UIXN 44702016HV3TV,2
502,Agneta,Claricoates,GGHD 84861231HD7RY,9
503,Alfy,Kupke,CMGK 59362422WY7QA,1
504,Jayne,Ximenez,XMTA 85081315LI6UB,8
505,Antonie,Hamlington,GZMI 35353480QC6JO,5
506,Netta,Klimas,PKNJ 80992873DH8MF,10
507,Helge,Water,KMLI 98434095OX0LP,6
508,Merrilee,Staddart,NZRQ 33522248WL8ZM,3
509,Carmen,Kestell,JFKD 09710891SM2IR,7
510,Deirdre,Sapwell,QFYN 66100251JZ5CK,4
511,Billi,Rippingall,TFJG 82776062BS8JP,2
512,Orsola,Girod,DPCD 52916949KE9AQ,3
513,Shelby,Kesteven,MJBE 99368159BX2BG,7
514,Adolphe,Trathan,GSDC 44430199WQ9MA,5
515,Paulette,MacKimm,DQYI 52433635XV3DR,9
516,Wilhelmina,Forder,GJQC 92301249MV6JD,1
517,Leeland,Eckery,JIUF 04598823VV4QA,6
518,Baldwin,Isson,IFGW 07516587UT5KE,10
519,Heall,Dummett,KFRV 57916254RP9BY,4
520,Lilias,Dellenty,NIFR 34895683GI6XQ,8
521,Valina,Nickoll,QOVB 15299172ZR7ST,1
522,Mersey,Luckey,FXVX 21053561VR6XY,10
523,Mercy,Trayling,IVNG 45817984IW6XB,5
524,Gale,Rusted,TPHA 19614274ZR1HR,6
525,Clint,Dallosso,DDVY 95159993GL5DZ,9
526,Alec,Brigshaw,NORW 59712443JY6IJ,4
527,Levin,Hughes,USYR 45759594WM3WS,2
528,Wolf,Lavies,SPCW 89793616KS8OB,7
529,Leandra,Nannoni,VLIG 78060078HG3ZC,3
530,Esther,McGhee,QXXV 57101023KD8YE,8
531,Donia,O' Neligan,RCBO 77007062KG1XM,9
532,Ollie,Jessop,JWZF 99431385OX5CD,5
533,Katlin,Scad,FYXD 92584167JZ6PG,7
534,Britney,Bullivant,KPLP 30681246ID4CU,4
535,Tessi,Munsey,PCMQ 78252735UC8CZ,2
536,Aundrea,Amorine,XDHF 65880175ZD0EJ,1
537,Clark,Eales,NZWS 02878845OY8RI,6
538,Drew,Crompton,LQCN 57721026FP6SC,10
539,Lilli,Cheese,YGVC 61791258EU1AR,8
540,Dominick,Phillcock,BUBZ 97129293LH4SC,3
541,Barnabe,Cardall,PBYM 38423380PH2IX,5
542,Don,Groves,XPHZ 02937638QJ7YJ,2
543,Elston,Baudrey,IFGR 72749039HW5ER,8
544,Davine,Clemmitt,JQMK 40799834DE6QC,4
545,Flor,Coniff,XNFH 28308627RJ7GS,6
546,Riobard,Ranner,YHEE 76756922RT8WI,3
547,Estell,Martinson,AJZS 68275902DB2VS,9
548,Vite,Kinzett,SVVW 79710486RP4YK,7
549,Vilhelmina,Myhan,LPAE 90537875JI5JV,1
550,Sibyl,Brazelton,DRIB 08630684BO8YZ,10
551,Mahalia,Bartosch,CBDT 74348416XL4EN,7
552,Pierce,Bennett,YRXU 59318876GS1BF,8
553,Betta,Poxon,CUFR 98398715WN1EJ,2
554,Sarah,Macieiczyk,KMKK 82648322HJ6AE,6
555,Christophe,Gamwell,NFLD 67975797WV5IA,5
556,Junina,Haker,WVTF 60498321OH8SG,3
557,Bobbe,Shankster,OCIZ 46837639SU4GI,1
558,Elka,Waterhouse,PQVG 28456008CE8UD,10
559,Broderic,Bortol,FHEY 74658695NA6HY,4
560,Zorana,Tomalin,KMDH 44771090CA2XR,9
561,Bax,Wooler,DGVY 64562493QJ3CK,8
562,Annora,Gingedale,DWWB 57321701GE1EQ,6
563,Cos,Preist,COQP 45344710OS2NS,10
564,Jenilee,McMeyler,RQHY 20815700IN6EA,3
565,Jo ann,Deamer,AVKL 04731262NH7DW,4
566,Christie,Fyers,GTEK 46748943EJ1AM,2
567,Clare,Maytom,UYKC 66299281TL2HB,7
568,Sonnie,Rostern,SOKV 55994481RC9HZ,1
569,Jobey,Catley,EKMD 58222804OX5RV,5
570,Lara,Veelers,TMMF 22088598JM9IE,9
571,Camila,Sainte Paul,XJWW 59748934KQ4US,8
572,Karlik,Troth,XEXN 30863278QQ2UP,3
573,Catriona,Pontain,XIZF 65365624EE2FZ,10
574,Moyna,Tax,SAEP 68015222HL6QI,1
575,Helenka,Worsfold,XHNG 17150121FJ4QG,7
576,Mickey,Baggallay,HAMN 23931591GJ8YH,6
577,Matthias,Bierton,FLWI 48006636PK3BG,5
578,Alfreda,Gross,YGBW 53555046HV1ZM,2
579,Sharron,Sexton,DHFP 18626456PJ9GF,9
580,Olin,Proffer,PTUH 25131077LU3NB,4
581,Lev,Tumber,VLLF 05027566WV6UK,9
582,Wittie,Perkinson,VXPL 60534549YY4WG,10
583,Jerri,Lindwasser,XVDA 56335341FN7ID,5
584,Zsazsa,Mildner,KLGP 71274666KQ6CS,8
585,Ericka,Wernham,IFQQ 35081925ZZ7VC,6
586,Marcile,Jaquet,JITR 61214632IZ8GR,1
587,Poul,Ruggier,QTIH 27658481ZT3IF,2
588,Germaine,Doggrell,YDPG 40606489FG9YE,3
589,Ulrica,Kear,YOUR 57221490UT8UN,7
590,Skye,Cleugher,VMRS 35587023SO7TK,4
591,Venus,Lysons,FOGK 49047637EW0TR,2
592,Lanie,Synke,GXIG 21796352BX4VV,4
593,Abigail,Sinnatt,BXIZ 49154587NR4OC,1
594,Brooks,Boutellier,JYED 86602854GM0QQ,10
595,Rob,Bausmann,LOQK 53306457UZ5FJ,8
596,Lezlie,Woodham,EHXU 67080011HY5EQ,3
597,Brigitta,Hutt,JEQJ 25377582DJ3KF,5
598,Octavius,Channer,ZNPL 02675131RH3PN,9
599,Adrien,Loadwick,LAGE 28251495IU2DT,6
600,Chen,Stearns,OIEL 00513065JQ2GS,7
601,Mada,Leworthy,IADD 25609370GC1MM,5
602,Esme,Blues,RWHL 90004530KZ3OF,6
603,Guglielma,Cubbon,VDRI 38783504EP0CB,10
604,Patience,McConigal,HXBT 34590884SZ9JF,8
605,Findley,Tarrant,PZXU 91416581KL4WO,7
606,Daren,Comelini,UEBG 40561577GG2FP,9
607,Merlina,Bilfoot,DBNA 34105061HL4QF,1
608,Rheba,Springett,KXLO 38125841JX0TA,3
609,Brandy,Prozillo,JXEP 74444819YW2QS,4
610,Claudine,Sanz,EOFI 44006380RV0FE,2
611,Misti,Stathers,DTKQ 51015675SK3AS,9
612,Aryn,Dulen,JJXN 96833210GX3YM,1
613,Tonia,Farquarson,XJKX 62398364PV0OD,2
614,Hill,Coulman,WHGH 78759767GS3ZU,5
615,Eveleen,Dannett,CHPV 65967512ZI2ZA,3
616,Fred,Claypole,XSIC 16601344PD2VD,8
617,Jamal,Hebden,ENFN 82944342PE8ZV,4
618,Modesta,Suttle,CMSE 74144909NQ6MR,6
619,Magdalen,Maher,LMQD 46781802FQ0MP,7
620,Joyce,Winks,DGCQ 77114790NG5VV,10
621,Daron,Reolfi,ABVN 76290223RT9JV,1
622,Alexa,Seeds,GPMA 54959074BK3LC,9
623,Rurik,Sizey,QISH 77341264WA5JJ,3
624,David,Rudgard,FBGF 90347691NI0ZS,5
625,Elinor,Lambshine,WGIB 51326142LA3SV,7
626,Brynne,Ruffler,DGCU 95721002ZM7SL,6
627,Elva,Mooring,ANSR 81757357GO5JY,10
628,Olva,Costa,STCQ 21381122MW0RH,4
629,Cyrus,Semens,VWDW 00583653TX9SZ,2
630,Jojo,Robjohns,JEEU 49825450QU0MT,8
631,Quinn,Caren,QNHI 43092664MQ5UI,2
632,Mildred,Wasielewski,WZOR 09116058YA6IU,3
633,Silvio,Phil,QDSV 39296381RZ1VJ,5
634,Prince,Hiom,IDPM 22669969IZ2ZQ,8
635,Christoforo,Cabotto,NSEP 04630540LM6ON,9
636,Eli,McCandie,STKS 66432961VW0GC,7
637,Vergil,Byfield,APEU 02413261EJ4XH,4
638,Benton,MacAlpine,AGOT 30862992HL8WX,10
639,Humfrey,Benazet,WIGK 90395515UQ7VJ,1
640,Karia,Hallward,USOH 64895327FG7KP,6
641,Deloria,Gundry,UXGO 84130704WE4FM,3
642,Timmy,Giovani,IAPK 40623135EA1OH,10
643,Bridie,Shackle,JQIQ 58407231IY1RB,6
644,Boone,Horick,LING 27032446AE6BQ,9
645,Margi,Bollini,LHAD 04421863UO7PD,4
646,Roch,Linder,UUTP 87762191NU1SD,2
647,Georgeanna,Menci,EWLA 14389383XM4VW,7
648,Zolly,Parlot,BREH 63593699RL4OC,5
649,Antoine,Drewery,CHTO 34137431RL5EO,8
650,Lilyan,Altimas,NJJT 09053278CH2DS,1
651,Karleen,Dugall,MCDV 87834733LV6DG,8
652,Ferd,Mibourne,NNGV 38679828XK6SQ,3
653,Shirley,Ambrogi,UBZX 47957430QZ4YU,10
654,Cam,Fairbrother,XLNP 62008650AH4CT,5
655,Wallis,Cathcart,NKJK 75407076XY2AB,4
656,Mavra,Tinn,RXVX 60301170AU9OC,7
657,Hildegaard,Succamore,ZYGM 91462015WU3JI,6
658,Randi,Hitter,IRGQ 97835474TZ2PB,1
659,Orly,Sandy,QXER 88593988WU9DC,2
660,Aretha,Livingston,CESP 79149612FK6VZ,9
661,Jess,Martyntsev,FWUD 02376010JZ4OV,4
662,Karel,Warrick,ABZA 94961972UV3KQ,3
663,Herb,MacShirrie,FAPD 88562374MX3YF,9
664,Derrek,Measen,UVKQ 67481258GG3ND,7
665,Mose,Hazeldene,MDSH 51719291GL0JS,8
666,Elmore,Earley,KZJB 93374588WI8QB,5
667,Phyllys,Rounds,UZWK 28959347IS4WQ,10
668,Myrtie,Kaman,EAKZ 91577643FW4WZ,2
669,Kliment,Van Baaren,LHXB 34438947GY8HL,6
670,Rochette,Corbin,GBZJ 43311032LT9ED,1
671,Tamiko,Maddin,DBHB 84807319SF6SR,3
672,Baldwin,Sterndale,JYWJ 54606119IG9GN,8
673,Melisa,Cottesford,JPVC 77128255SG3TH,2
674,Chance,Weippert,LGZF 85925359PN0PH,6
675,Ruby,Bruyntjes,JLVQ 42873541AA1RC,1
676,Maurice,Jumeau,MKTN 33962210TP3FL,4
677,Delmor,Wort,UZSQ 03310312KT7LQ,5
678,Angil,Elizabeth,XFOM 28350223GM0JY,10
679,Kore,Dunsire,XHTI 56646345IZ2HO,7
680,Blayne,Strike,KCJR 99155676CP7AG,9
681,Hayes,Frazer,UABH 00521084JF0SI,10
682,Gabriell,Celler,NSKT 86993034FR1EY,3
683,Alexine,Hilary,UAAT 68461389SI1ZH,5
684,Novelia,Boultwood,JTGK 96919050IO4KC,6
685,Stephie,Duffie,WUNR 49174283OU1LK,2
686,Layla,Jozefczak,SWKZ 44661292VW5ZE,9
687,Meaghan,Prettyjohns,AUJP 12741819MZ5DA,4
688,Sid,Goodsir,RMQJ 49907113BV8QG,1
689,Reinwald,Petters,JQTD 96060821RG1MZ,7
690,Phylis,Eddison,VVSU 53432682FK2IT,8
691,Kathryne,Thunder,PBYR 33876161WG3OO,2
692,Carla,Schild,VWNT 18429479CL9ED,10
693,Dalt,Nossent,NRMG 84034380KF9UE,1
694,Jakie,Laying,IGZJ 85600800IZ3XV,7
695,Levy,Castri,WUPV 12010866ME3NL,4
696,Lorettalorna,Pibworth,FIYS 09046726XY5UQ,3
697,Klara,Stening,DQAF 38705049AA7MO,5
698,Gare,Wreak,MXRT 27868448VO5AY,9
699,Zachariah,Partener,PQJZ 82085621TF2NA,6
700,Verge,Cunnah,AYJY 95600844BJ8QQ,8
701,Brandy,Oller,OHED 33578408ME6OT,4
702,Minta,Breslane,XKRZ 03314509OS2YQ,3
703,Jeni,Torbett,BSTO 92593686KL5ER,7
704,Lilyan,Lea,EESL 25137624ZS3QD,10
705,Edmund,Valti,VUIP 44767322GJ8GE,8
706,Griff,Mewett,LHHZ 42904686VS5CP,2
707,Fremont,Melrose,NHBY 03967315WB6SY,5
708,Merna,Mountfort,SHCM 36644333JH5DM,1
709,Murdoch,Guerrier,ZQTR 52968935CD8FI,9
710,Adham,Dockrell,EGIV 22340865TI0IK,6
711,Vivianne,Frangione,ACFD 96742031LW0HA,3
712,Brigida,Dubble,YCFV 19942340UC3RD,4
713,Sibylle,Chatelain,TBMY 69653681FQ7AK,7
714,Hort,Pischof,TTNB 41526226EL2TN,5
715,Mikol,Bains,CAIN 55306884KB0JF,8
716,Caresa,Barnwall,ARQH 78446294BD1BC,1
717,Warde,Talkington,BHCH 77548126DR0HD,2
718,Maxie,Gludor,WBPJ 84856930GY0UV,6
719,Abey,Dongate,XUKD 00847416IK2FD,10
720,Talya,Swaisland,HVUK 18889156NF5QT,9
721,Quintus,McColm,WTLW 18073140IU3WU,5
722,Lucian,Bentall,OJUT 83967722VQ0FC,1
723,Arabela,Cejka,ZSBL 56186708MI3OV,10
724,Mano,Agget,BNPC 87104727ZI0SO,4
725,Sonnie,Whitechurch,JGGD 92615956MV3QK,2
726,Wallace,Munks,CYRV 34668251TV1DC,7
727,Mayne,Lutwyche,SVUW 95609329MR8HQ,6
728,Far,Guillet,DIRV 68416363RF3TG,9
729,Salim,Eastway,CUNV 65576736ER6KU,8
730,Mortie,Duxbarry,PFJC 94706912QO9OH,3
731,Patty,Downing,OEJR 84218575WJ0GF,9
732,Bald,Stanborough,EXMA 80743694FR9PO,10
733,Anne-corinne,Thomesson,IWEH 32795616CH5PE,4
734,Ginelle,Wiggam,EBZI 99286894LB7RU,6
735,Bambi,Elie,KYUR 55305910GE5RO,8
736,Sergent,Khan,ZGWQ 21879977PP4YS,7
737,Ferrel,MacAulay,KFXE 31393154RJ8MR,3
738,Enoch,Wyborn,NEXJ 24122980EW1KQ,2
739,Sonya,Conor,BXKJ 74075404DX3AJ,5
740,Artemus,MacSweeney,KCYF 76489782QE0PR,1
741,Carlina,Gheerhaert,AHOG 87757592UG7CL,9
742,Henri,Otson,WELD 87485369AW9FI,2
743,Loleta,Wardrop,QZHN 39327175PG1MO,5
744,Arne,Knowlys,EVXG 88783638TD5MG,3
745,Jayme,Adriaan,NUMV 66599596KV4YU,1
746,Korrie,Godspeede,VDHX 21184327XQ0YR,10
747,Briney,Healing,RUSS 12668507FH3GZ,6
748,Bibbie,Graffham,KAMF 67613446OB9TC,8
749,Lynn,Driutti,TKES 82853139NR0PA,7
750,Janella,Lanfear,PAYV 11315453EB9AL,4
751,Lynna,Jakaway,EVDV 54944270NB4LW,5
752,Raychel,Pachmann,VWHJ 96482635UO9ZG,7
753,Lorenza,Somerbell,ESGU 00871821TO6TF,3
754,Marchelle,Heymes,VTMW 95159942FU0HG,9
755,Ann,Daville,ALVQ 69568015KN7VO,2
756,Dominica,Gobeau,ZWZW 66693370ED1ET,6
757,Obidiah,Wise,KFRO 03087446UX1BC,1
758,Jared,Boner,BZEV 37199632OU1CC,8
759,Emmeline,Marian,RPPH 25035546CA1KT,10
760,Jeffy,Berzons,XAPJ 25238287RM6FY,4
761,Cherrita,Alyutin,ANBR 08293851JY0XZ,5
762,Care,Thaim,SMUP 66146204NA2ZU,3
763,Georgiana,Krzyzowski,BDRZ 48265533MY0GA,1
764,Leland,Agar,TPLP 17725256NR6FK,7
765,Orlando,Belli,BRWC 66819648JO7QM,10
766,Kennedy,Grimmer,HRWG 09982022LG2SO,9
767,Ricca,Fearns,VPEP 78397383OI6QL,6
768,Darice,Ennor,IIDI 23444205VX1GI,2
769,Brett,Megany,UFCO 75056537TR1IV,4
770,Sigismund,Penright,OBOT 10782732VV1TV,8
771,Welbie,Apfelmann,UDBB 91893027VL3OO,8
772,Denis,Breslin,JIUX 17742370YP1PN,4
773,Jocelin,Frise,IJLP 11419340JH6GS,2
774,Rudolf,Bucke,COWF 16680228KS2PS,10
775,Carlin,Makin,CJPL 21017417DN5FU,7
776,Yoko,Climar,PAHL 17323375TW3VC,6
777,Enos,Herkess,OZZD 21639877ME6AN,3
778,Romy,Slide,PEWQ 09606380FH3XS,9
779,Jaime,Breslane,BKKK 46311530CL5HW,1
780,Kacie,Bortoli,HIJV 02790082IE5ID,5
781,Elisabet,Hryskiewicz,CQHF 82317880KS7EN,9
782,Stavro,Cheers,TOMY 81509652DQ1BO,2
783,Matthias,Titcomb,FIJM 29714082KB7FK,7
784,Onfroi,Gaither,VBDV 30411350LM2MO,3
785,Paton,Ferreli,PZBT 92133970HA6VT,5
786,Margo,Waterstone,TYZV 07050600XI3GZ,1
787,Curr,Veld,PREN 91525321JK4HU,4
788,Abbie,Matteucci,HPFM 61696818NZ7AV,8
789,Kristal,Menere,MIUF 55837362XB2AY,6
790,Daren,Roycroft,INNL 25458219KP5PH,10
791,Aurilia,Burman,GGIO 94254831LF0JQ,1
792,Monique,Stiles,AWWD 06780677MM6MS,6
793,Candi,Fidell,SSAG 72027956DN4GG,9
794,Mariya,Gunderson,AWMG 72277251OI3HH,3
795,Roxy,Webby,FTCR 70888637AX0VT,8
796,Craggy,Rubenov,JZBJ 19465507XD6DX,4
797,Dewitt,Alderton,FKCI 80637108QX5YF,10
798,Avis,Sollitt,WSYD 58738028UY9LD,5
799,Pam,Ibeson,SJNZ 45605864FL2VH,7
800,Gabey,Fishleigh,ABFT 64385525FD6JL,2
801,Othilia,Hardy-Piggin,AMCY 81944595ZF7NG,3
802,Alyson,Stanfield,FUSQ 54979762JW8SX,4
803,Robinett,Inchbald,VQFH 53522253CT4PS,8
804,Hermia,Isakovitch,IRAW 54616610QF1HZ,7
805,Lucie,McFaell,GTIM 20432370NL6BX,9
806,Zarah,Kighly,FWVM 52028227VY7LA,2
807,Jeniffer,Culpin,TNIJ 77156760MD8HR,5
808,Tremain,Weekley,XVNV 49950487YD7SZ,10
809,Brandise,Baukham,NXHF 66471555AG1BX,6
810,Jillayne,Hayford,OBPP 18214131WU2WF,1
811,Delia,Fallanche,QAKH 03435332OT4MF,10
812,Sheelagh,Obington,YBAJ 18338707YC0EE,8
813,Karyn,Eteen,DTQG 89480583IW6YM,4
814,Carmelina,Barstow,VTUG 19857003RE0HO,7
815,Garret,Andreuzzi,SPFT 25287719IZ9AM,1
816,Rey,Rawcliff,NGQT 66535375OG1EY,2
817,Berget,Matthessen,YJIC 33080843VC6CL,6
818,Bar,Collaton,IKMY 93938011EV6WB,9
819,Steward,Mantha,FZVN 03351312SN9XQ,5
820,Dulcie,Earles,WOWC 40410569AQ2XS,3
821,Kelwin,Shimman,GQFO 75763995GL7II,9
822,Mose,Lantuffe,YAPV 75473771CE1KM,2
823,Kelby,Stevens,UNXO 85120250OZ6HY,5
824,Munmro,Sherrington,FSKA 87577401ZA7TW,1
825,Bartram,Fawdry,DSTC 40221152KU6YL,10
826,Clemente,Mullenger,EDPB 48550299XG1CK,4
827,Minna,Rackley,AZIG 09074470YE1XP,6
828,Gerri,Edwins,ZKUE 14038425JM6IH,8
829,Efrem,Palluschek,DPCO 32145378YS3LS,3
830,Misti,Doogood,NVGN 95917908EB6HM,7
831,Jack,Ferronet,DRNF 76684795CZ8LV,2
832,Vanya,Cardall,WXTI 61046307HY9NK,3
833,Alley,Darth,BMYS 41170908ZY2WJ,10
834,Laurella,Beechcraft,NXRM 84462213ME2IV,4
835,Zonda,Blakiston,MPMN 30708356HA3LT,6
836,Aubrey,Bagnold,HDGR 27040990UK5DM,1
837,Angelia,Benza,LINP 97970884RL9LP,8
838,Petronia,Jorry,QROT 73447943IW3MI,7
839,Nathanael,Kment,ZFVB 34158520CY9WT,5
840,Clovis,Coatman,UYNK 94823092UO8JG,9
841,Lutero,Stammer,VAEG 50734461BQ2DY,8
842,Valentin,Newcom,HVUP 79894924BO1JX,1
843,Barry,Barlas,HLVD 58745017RC9RM,2
844,Aluin,Matyugin,FIPV 75982750US8UU,7
845,Clem,Blaxley,OMQA 91704733UP3WK,6
846,Murdock,Swadon,VHPI 16092931ZO0MT,5
847,Holli,Geldert,TDFC 93446598SW6VQ,4
848,Lucila,Bart,JYHU 34729178JD9ER,10
849,Harman,Myall,EXXH 37632778TT8GF,3
850,Joli,Urian,HSXW 57573505RH2BQ,9
851,Selig,Mc Curlye,HNOY 03126518WP8ZM,4
852,Evy,Rapp,RRFH 42870627XV2UE,6
853,Marcy,Sessuns,IZMR 55283635JE0ZP,10
854,Gennie,Jacobson,IIAY 97710193ZO4OI,7
855,Anthiathia,Giddings,XDHY 41678235VT1FW,3
856,Granville,Palmer,ZXNY 11150001UW6NT,5
857,Hal,Neaverson,ZFBD 80419388ZE3PG,9
858,Northrup,Barradell,DLUF 15864927HZ4KA,1
859,Loreen,Hughill,SDTJ 82132664WH3YO,2
860,Ileane,Peteri,UYOJ 07647590SP7VB,8
861,Gianni,Burnyate,RTTJ 09080744RR3XV,2
862,Hirsch,O' Quirk,AVNL 80797665PX6RF,4
863,Arni,Pele,PVLM 67157320YE2RR,8
864,Elie,Elstob,XHNG 48883446QB1CH,1
865,Maia,Gegay,SMMJ 30700659YT2QH,10
866,Daphna,Dubock,ZTWN 13746582VW3JK,5
867,Angelique,Stoggles,ZTDR 97994328EA3VE,9
868,Riobard,Lusgdin,HPGX 44671404OQ7LM,3
869,Dale,Howgill,ZPPD 05884372LO8SP,6
870,Hynda,Pool,GTXC 68040496QI2FJ,7
871,Arny,Pincked,YRHZ 06202983OA1RM,1
872,Ophelia,Balser,USGX 48654730DY3EB,6
873,Hobey,Melson,ZUPF 03346205RP4IQ,10
874,Taryn,Trollope,ZFHK 72535201OQ8GN,8
875,Lou,Swinyard,LNNB 49413576HO8EB,4
876,Carlyle,Rupert,MSQL 79731084PH4MG,7
877,Jandy,Sabathier,NQHR 07315589VB9OK,2
878,Dalis,Scown,UUXE 97513903KI9MC,3
879,Joya,Bendley,LYCK 25646650RK5AU,5
880,Heddie,Hadgkiss,VEWV 54429805PQ4ZU,9
881,Kary,Casley,IJAL 53682082XL0MJ,8
882,Fernanda,Helstrip,XEGL 08981119OE1UZ,3
883,Allene,Lakenden,XUPD 92193428PG1EU,10
884,Angy,Durward,RLIQ 22202158YD1ND,9
885,Valdemar,Clericoates,OEIY 74449431WO9VV,6
886,Neddie,Copner,BKFB 95656766LH1EJ,1
887,Huey,Messam,IVXR 70656266PV5KJ,7
888,Phyllys,Stops,LADF 19450158GD2NO,4
889,Sibella,Naldrett,LXNQ 67839909FS8VO,5
890,Trenna,Brito,JKTD 32931700VW9FK,2
891,Adrian,Broscombe,MQST 13535707ZO8QZ,8
892,Dante,Scamel,VGOQ 94422706AB1YN,3
893,Nat,Govenlock,QWTL 12576814LM8UZ,4
894,Rici,Crichton,AEJE 60533620XF7ZQ,5
895,Waylon,Rosario,NWMT 24877339UD1MH,1
896,Kit,Omond,LSDP 01351974RO1PP,7
897,Pippa,Bischoff,WFGY 43742600PO0BD,10
898,Quintus,Cholwell,NCBJ 16208663XY7AB,2
899,Janos,Champniss,SVIL 44165717IA7UL,9
900,Blisse,McCloughen,BGGF 28071110OL0XU,6
901,Paloma,Aspinall,IHJM 88997935HN1QW,8
902,Oralia,Bonick,SEAJ 43414279HK9FY,7
903,Lonni,Jeandon,QPJX 76696088OX3ZX,5
904,Marcel,Dignam,RBCK 67492750LW5DS,4
905,Leland,Tipton,YYFY 39915626PY2BJ,9
906,Farlee,Engel,UUKD 82149659AU5WV,1
907,Emmalynne,Malter,QYVS 35996663RI2ES,3
908,Dulciana,Standbrooke,ZCHV 23952052CM4PN,2
909,Emmet,Roberson,NOND 01162514EO8JU,10
910,Penn,MacCaghan,FDGR 97446695LS0JA,6
911,Jodee,Morphew,DWQE 52703157DO1TH,9
912,Gwenore,Dufaur,AFNJ 98749386GV2LT,4
913,Em,Thurborn,JVGR 07041290JS5EC,10
914,Sheffy,Laffoley-Lane,SNBO 39552052DI3FB,3
915,Kimmie,Hazlegrove,RTML 37299981SN4IV,8
916,Jamill,Upward,JJFC 88135518MP6PC,1
917,Elmo,McMurtyr,RAWB 85904626FU9KS,6
918,Teodoor,Gadsby,HDBX 67776595CH1US,5
919,Roderic,Antonchik,IHQF 00988053QV8KK,7
920,Mack,Darington,VUYP 91339390SV2AU,2
921,Michale,Schooling,TMYC 08985039BI1TE,6
922,Virge,Perett,MUOU 64170353ZH1YZ,2
923,Carmelina,Francombe,TQFA 19666933WP8TZ,5
924,Ahmed,Klagges,CQNZ 31435826KA9ZX,8
925,Christy,Godding,TPBE 96124097LQ6EV,10
926,Josee,Elliss,RYFE 83370602GO6SD,7
927,Bryna,Glyn,PZUM 18411856WL2NR,3
928,Bernadette,Jacobi,RZYW 80261130BR7BD,1
929,Gilburt,Hincks,TPZQ 05478135PR5QZ,4
930,Ugo,Geeritz,JOOH 10378715IY2VE,9
931,Allie,Worlidge,UMRG 36977491GJ2FW,7
932,Israel,Wingrove,OGHR 04940218FC2ZQ,1
933,Randene,Willbourne,SWYH 73380077KE6JI,8
934,Quent,Bellini,KIYT 26746922UL3GL,2
935,Jourdain,Bartolommeo,BLGH 68997796FV2PM,9
936,Lenee,Frensch,DJCE 92931601UD1OD,5
937,Sybila,Fazan,TNCV 64103489OU2JN,10
938,Sanders,Walls,FCFT 16739444JZ4AO,3
939,Verina,Robel,DKEF 00353138ON5LF,6
940,Lonnie,Balas,BDUD 37664516WE0RV,4
941,Sheff,Gundry,VLIN 86769988CG4KC,9
942,Laurianne,Barthorpe,HRUV 18776561KQ8VH,8
943,Nancee,Adamo,RLNW 02125303LW7BY,7
944,Petra,Janjusevic,QPWB 24265342YH1KG,2
945,Emmie,Forten,MFQA 01909434BX1TU,1
946,Marena,Caff,RWAX 04178115WG4HV,3
947,Gareth,Davidovicz,JPMH 33584998LI2BN,4
948,Augy,Bottom,LKKO 18674410QY8GO,6
949,Rufus,Haskew,KCJE 57347970EI5VN,5
950,Una,Bubeer,XLFD 59199573LO3UN,10
951,Lilli,Brosel,MGFL 02752793ZD3UY,8
952,Del,Molloy,MRVI 37679893KZ9VH,9
953,Lisle,Bassham,EOKG 29254533JB1JH,4
954,Glennie,Castlake,NBZO 25865447KF8IC,3
955,Raffarty,MacUchadair,BTBQ 52993969PO9RK,10
956,Yoshi,Sagg,XISD 30185152EV1ZZ,1
957,Myranda,Palin,FOFQ 91250188MY8YC,2
958,Arlena,Bellord,MXFZ 92275230FG0XF,5
959,Gregory,Varndell,RCUL 44735572OL1QE,7
960,Gracia,Axelbee,DQZT 24448933MU4KY,6
961,Linnea,Cluer,YTFN 49410621EW2XW,5
962,Elwyn,Bowkett,DTYT 20621942ZQ9OZ,4
963,Kathryne,Semble,WNQL 64490536UZ6BY,10
964,Cully,Macknish,EPPD 19072786YF3JU,9
965,Allsun,Suttie,QXKL 99086549QF6MS,3
966,Peggi,McOmish,QNJU 13314229XB3IU,1
967,Lila,Lowdes,PZBW 80088112VT5EQ,7
968,Elora,Rentoll,DLYR 65965983JW4KT,8
969,Drud,Annis,WTGK 52840873JN5RC,6
970,Geoff,Bridgstock,UUBM 28364709YX2AO,2
971,Davy,Trask,LZXF 21922264BM0ZZ,10
972,Maynord,Smy,IJHC 47584312PM1WS,7
973,Trumann,Flores,CYRP 09280345EG0LG,3
974,Eugenio,Cornewell,TMPF 04205052HK0YY,5
975,Nata,Stonebridge,WZCQ 05676776VY3BA,4
976,Lyell,Vanyashkin,VJLV 74636871FM1VP,1
977,Gayle,Maydway,ZCBZ 11167384PZ9MY,9
978,Grantham,Fowler,KLXK 02719880OB5RW,8
979,Leora,MacKay,VIAV 91617051QW6EC,2
980,Muffin,Shiel,XQON 67612967JY2WN,6
981,Sabine,Brandt,DEFA 44655196HV6RN,6
982,Gillian,Troman,LVRC 76349778UX3QQ,5
983,Alf,Elnough,UZQF 25232784TK1IY,7
984,Michelle,Etoile,CAWZ 18211801RE7HL,8
985,Ora,MacMychem,ZXMU 94667113IN9YF,1
986,Karole,Syme,SHFJ 22262492ZY1DP,2
987,Arte,Blenkinsop,CWYF 74246981CF8BM,10
988,Jada,Saye,JMPE 07818645WT9SU,4
989,Linet,Sterman,YDUB 81465231JD3SQ,3
990,Davis,Chaff,WSLO 03555473PK4PZ,9
991,Galen,Agge,WVLW 74329738MX3TD,7
992,Marcel,Palfreman,CJFQ 30302852OZ1IJ,3
993,Chane,Askam,IHHT 67139392OR4CK,9
994,Heall,Stobbs,UOKK 49168524PA5JG,2
995,Carling,Melly,LVVH 23023673CV0IG,10
996,Gerardo,Simonetti,HNCA 13056057LU6FL,8
997,Fifine,Micheau,FZTM 28828809NW2PT,6
998,Tracie,Shearston,QLFP 91009082QR6RZ,4
999,Neilla,Paddefield,PATM 76147321UG4HX,1
1000,Rockey,Stancer,HPIY 03344954PI1MO,5
