space_ID,house_no,street_name,post_code
1,65,Sutherland,PO4 2XO
2,77,Stoughton,JN8 7QH
3,52,Sunfield,OH2 2VY
4,45,Meadow Vale,IN6 4PP
5,91,Myrtle,PC6 2UY
6,92,Manitowish,ZD2 9IT
7,67,Melrose,LP1 3CJ
8,38,Clyde Gallagher,ND3 5XA
9,03,Blaine,IX1 5FQ
10,31,Onsgard,DV8 1UK
11,46,Bashford,PT4 2FN
12,99,Oakridge,AI7 2SJ
13,95,Gateway,AR9 1JR
14,43,Duke,PT6 5MS
15,51,Anniversary,GE7 5EE
16,04,Golf,IP1 6QL
17,07,Lakewood,KD7 6VQ
18,11,Village,TS2 2BV
19,87,Tennessee,CP9 2OS
20,60,Larry,IS7 7TQ
21,45,Canary,DW8 4SK
22,45,Caliangt,IF3 5RM
23,17,Columbus,TL2 3TE
24,64,Independence,YJ3 4EZ
25,21,Kedzie,RR2 0HO
26,74,Killdeer,ZG1 5JX
27,86,8th,CR1 3UV
28,90,Mayfield,IK6 8CU
29,85,Crest Line,VI4 1SE
30,65,Fremont,KH0 4EK
31,06,Coolidge,IB9 8EQ
32,04,Bartelt,TE7 4YR
33,55,Grover,GH6 9QC
34,81,Larry,NY7 7WQ
35,64,Bluejay,WF5 2EM
36,38,Grasskamp,AE5 1LR
37,22,Artisan,DA5 4AM
38,98,Bartillon,CF0 1XN
39,70,Laurel,LD2 2RI
40,10,Roth,MR4 9SB
41,27,Goodland,DM6 6AN
42,39,Texas,WJ7 0LS
43,15,Glendale,LU3 1DV
44,80,Summer Ridge,VO5 7OC
45,01,Cherokee,ZY1 2BW
46,69,Forest Run,XE7 5VM
47,82,American,RJ3 9LW
48,62,Erie,CW1 4UW
49,73,Mayer,HN8 9ZR
50,86,Coolidge,AV2 6JC
51,82,Mariners Cove,UF1 1UR
52,16,Coolidge,KW6 6CZ
53,37,Stoughton,DO1 0XF
54,55,Iowa,ZX1 2WY
55,10,Golf,FX6 8IV
56,87,Butterfield,XW5 6LZ
57,09,Harbort,HK5 8MT
58,07,Novick,QE0 0JY
59,80,Springs,SA6 6IA
60,17,Spenser,CZ6 1EA
61,77,Rieder,XD6 3RJ
62,68,Moose,DD8 8GS
63,11,Annamark,LH3 7EF
64,88,Laurel,CE1 8VK
65,15,Lyons,HG9 5RK
66,52,Meadow Vale,XU1 1BB
67,64,Leroy,PR6 5YP
68,52,Pawling,LB8 8YR
69,96,Village Green,UZ0 0UV
70,59,Nova,XX7 3TD
71,09,Tomscot,GD7 1JO
72,06,Sutteridge,DW8 1RC
73,82,Onsgard,TL9 7YZ
74,02,Lakewood,HU1 4JL
75,67,Scofield,NI9 4UR
76,47,Carey,TF8 8LF
77,67,Trailsway,DU6 6RC
78,86,Nobel,CH5 4UO
79,48,International,NI4 8JN
80,80,Leroy,NQ0 9KL
81,48,Service,AC3 1XQ
82,44,Prairieview,KQ9 1RE
83,07,Dayton,AT1 1SJ
84,24,Utah,SI7 4XG
85,34,Mandrake,UJ7 7KK
86,39,Quincy,LV2 2IP
87,00,Springview,HP2 2WU
88,34,Orin,KH4 5GS
89,26,Loomis,YC3 5VM
90,33,Fordem,UG8 6PG
91,07,Stang,QC6 6NX
92,31,Merry,HB7 1DS
93,85,Mallory,MC8 9YS
94,67,Banding,NC2 2GQ
95,73,Warrior,OA4 8JR
96,05,Trailsway,BL0 2GC
97,12,Jenifer,GR7 9XR
98,59,Dennis,VV2 8AD
99,26,Golf,QA8 9RT
100,50,Nobel,GT9 7MX
101,43,Melrose,TJ5 7FB
102,68,Emmet,PX4 3ME
103,19,Brickson Park,SL3 5FU
104,37,Calypso,FP4 4MX
105,46,Anniversary,ZD8 5QR
106,21,Melvin,OW9 1MT
107,46,Pepper Wood,JV9 5EV
108,03,American Ash,PZ8 0EL
109,58,Clyde Gallagher,XF2 0EL
110,52,Macpherson,DK5 9FN
111,04,Thompson,AQ9 0BD
112,30,Buena Vista,UF9 9JK
113,67,Warbler,WN2 7CQ
114,42,Messerschmidt,KW5 8HF
115,74,Ridge Oak,SP6 9RK
116,48,Gulseth,YR7 8FH
117,39,Kedzie,PL3 5OK
118,16,Hansons,YS1 3TY
119,62,Carey,AR5 2UQ
120,42,Sunfield,ZS9 2DA
121,96,Florence,LX0 7OO
122,96,Kipling,CE1 6UH
123,50,Marquette,NT9 8MC
124,84,Sherman,ZD1 2WF
125,90,Arkansas,GP6 8ZP
126,54,Anderson,OV7 4LP
127,68,Magdeline,TF6 6PC
128,22,Union,ZR3 2IQ
129,30,Northridge,EG1 5KP
130,92,Banding,PM1 7KH
131,50,Logan,KK8 4PN
132,29,Weeping Birch,YG9 9LL
133,35,Emmet,FB0 3WG
134,47,Eagle Crest,VS8 0FN
135,24,Bobwhite,JV9 5GP
136,12,Melvin,MR7 6TL
137,53,Bultman,WW6 9BO
138,80,Pankratz,EZ0 6XP
139,46,Shelley,UP7 7CV
140,28,Sunbrook,FM5 6DO
141,09,Glendale,OI1 9WR
142,21,Muir,HD6 1CO
143,32,Hovde,ME7 4FL
144,75,Independence,HD5 0ZL
145,69,Little Fleur,YD6 1ZQ
146,82,Aberg,KN5 3LT
147,78,North,AQ8 2CS
148,44,Annamark,WG0 7FH
149,45,Homewood,YX6 9VY
150,95,Transport,PN3 3TD
151,08,Southridge,DC4 0RZ
152,65,Esch,TX2 3KW
153,85,Lotheville,LC7 6YV
154,44,Alpine,XA1 5UF
155,53,Gerald,HC0 4QS
156,76,Rowland,DP0 2QQ
157,77,Paget,WL4 9PH
158,44,Rusk,ZC4 0CB
159,29,Northfield,WZ8 9KQ
160,95,Cordelia,LF4 3AC
161,25,Grasskamp,AB2 5IH
162,16,Fairfield,TN1 9GL
163,15,Grover,ZM0 7UN
164,85,Fieldstone,OY1 8OT
165,95,Spaight,UX4 6TX
166,33,American Ash,AK5 2YA
167,97,Sullivan,UQ8 7UO
168,81,Ridgeway,UQ6 0OA
169,85,Mariners Cove,BV6 1GV
170,47,Kingsford,FB5 6SL
171,68,Lakewood Gardens,XZ4 2CP
172,75,Buena Vista,ZN1 3NU
173,43,Quincy,YT3 2JE
174,66,Monument,AY5 7EO
175,07,Anhalt,LP3 6SQ
176,32,Kenwood,OJ4 5KW
177,65,Eastwood,TI0 5TN
178,14,Pierstorff,GW3 7WZ
179,83,Springview,UG0 4SZ
180,76,Meadow Valley,BM0 6ZP
181,39,Mayer,DA9 6CX
182,00,Elka,AV6 5UL
183,53,West,NQ1 8VT
184,35,Center,BW0 7CS
185,74,Caliangt,PN1 1LT
186,84,Wayridge,LI0 7ZG
187,59,Paget,RZ5 2JP
188,77,Washington,IV8 6SJ
189,13,Russell,UW4 8WI
190,87,Towne,UN0 4EY
191,34,Johnson,NN0 9LE
192,22,Steensland,IX8 4SB
193,26,Kenwood,AC3 9VW
194,59,Vermont,ZC0 9GU
195,44,Laurel,XJ7 0EX
196,11,Kensington,NO6 2FA
197,42,Division,JZ4 0LM
198,46,Mifflin,JZ5 3IP
199,29,Gale,AV0 0AG
200,13,Upham,EO6 5IA
201,38,Ridgeview,DC0 9PM
202,91,Sauthoff,RL0 1ES
203,80,Mandrake,QX2 5WE
204,09,Shelley,EK5 1FV
205,66,Macpherson,CY5 3DT
206,31,Talisman,WZ1 5FV
207,53,Luster,WO6 7PK
208,44,Fairview,DV7 2ZI
209,46,Crest Line,AR8 5QZ
210,85,Mockingbird,OU7 4HJ
211,76,Pepper Wood,UV5 3BH
212,56,Tomscot,MZ0 0CX
213,81,Hallows,ER5 9ZA
214,60,Dorton,NO4 7DU
215,56,Ridge Oak,NV4 1IF
216,81,3rd,TW6 2WQ
217,18,Crest Line,PT4 5QD
218,47,Hovde,XU7 6QP
219,78,Waubesa,CS4 1NU
220,23,Derek,WL7 2MA
221,94,Manley,KG3 3GT
222,62,Loeprich,WL5 2IO
223,65,Division,DD4 7RY
224,05,Sauthoff,OE1 4OT
225,92,Shelley,OG3 0LE
226,08,Merrick,AP9 0DA
227,19,Delladonna,ZX7 9XA
228,50,Miller,IN2 7AR
229,86,Nevada,GT2 4OA
230,38,Sugar,QQ3 8IA
231,03,Farwell,MG2 8ZW
232,26,Lunder,UM7 1DN
233,08,Schlimgen,SR3 5SB
234,82,Upham,HA5 2SJ
235,80,Forest,VO4 4PI
236,05,Ridgeway,EA6 9WQ
237,22,Rutledge,WX8 0WL
238,56,Manley,XI9 6CJ
239,37,Eggendart,PZ4 7ED
240,63,Browning,JM0 3LS
241,41,Victoria,PU5 6KK
242,98,Crownhardt,EP9 7SA
243,68,Troy,BA2 8EU
244,29,Manley,PS9 6HA
245,15,Havey,ZM9 6UH
246,34,Susan,EA3 1GQ
247,32,Fallview,OU4 8VT
248,70,Spaight,ES9 4SF
249,18,Waywood,JU2 0IT
250,96,Corscot,IA8 5GT
251,63,Lerdahl,UB3 7HK
252,97,Ramsey,PY6 7GH
253,87,Barnett,OO2 3SB
254,05,Meadow Ridge,OB5 7LW
255,99,Oak Valley,RB9 1FG
256,60,International,AO9 8XF
257,79,Swallow,XE6 7LI
258,83,Lukken,WO3 3KN
259,99,8th,YH1 6UD
260,36,Stoughton,NA1 8IF
261,00,Sunbrook,KV6 5DR
262,72,Farmco,IX3 5GJ
263,03,Mifflin,QS3 6CV
264,07,Dryden,JP5 1ON
265,66,Center,GI9 7UF
266,48,Evergreen,BD6 4RV
267,18,Nelson,YD3 4LM
268,93,Rockefeller,SU0 6FK
269,61,Golden Leaf,BG5 8KM
270,21,Crowley,LA2 7HS
271,79,Erie,GM7 1GG
272,70,Sloan,VO7 2MX
273,38,Surrey,NW7 9ZK
274,25,Meadow Vale,JU0 6YX
275,39,Northview,US6 0OH
276,31,Ruskin,XP3 0SR
277,35,Spohn,XG9 7ZJ
278,15,Carpenter,AS7 2RW
279,49,Melby,NG1 2JK
280,84,Sunnyside,UU9 1ZR
281,96,Veith,VR3 7GX
282,99,Hoard,UN2 3NR
283,42,Pepper Wood,NK9 7ZE
284,09,Bellgrove,QJ1 4YU
285,67,Sunfield,QV1 6IA
286,48,Oxford,OW9 7WM
287,55,Manitowish,VO6 1TO
288,01,6th,LJ3 5JS
289,75,Crowley,TB8 3RD
290,26,Springs,HZ2 3EX
291,96,Cottonwood,TP6 4OQ
292,35,Orin,PZ2 0KB
293,46,Golf View,BD9 0RX
294,83,Lukken,AS7 6QL
295,46,Granby,WG6 0WT
296,26,Milwaukee,YX7 5DT
297,83,Park Meadow,DH1 2WT
298,18,Quincy,OD4 5YR
299,13,David,IY4 4RG
300,68,Green Ridge,BM0 9SD
301,81,Russell,XT0 3XR
302,64,Montana,ZQ7 0VR
303,83,Longview,IH0 3AY
304,95,Old Gate,FD4 5VB
305,03,Pearson,YG5 9YN
306,90,Loeprich,NB6 6UV
307,94,Gulseth,LT2 7DC
308,38,Pankratz,QS2 9KX
309,20,Lotheville,OP2 2VD
310,03,Melvin,JD3 8CI
311,97,Blaine,NH6 4GO
312,34,Corscot,GY2 7KE
313,93,Caliangt,KB4 5EV
314,06,Shelley,OS7 9VR
315,54,David,TR4 5YQ
316,55,Artisan,UR7 6KS
317,54,Anderson,VM8 9CN
318,27,Shasta,YR6 2GA
319,13,Cherokee,CQ2 3RD
320,53,Ludington,WX7 2AF
321,88,Bobwhite,NY8 1KR
322,51,Nevada,SD5 1VO
323,46,Pawling,US6 0VK
324,34,Spaight,IW5 0RF
325,91,Mitchell,AH0 1PF
326,79,Becker,NE4 9NB
327,86,Utah,UI6 1MI
328,40,1st,JL5 2SB
329,36,High Crossing,WL6 3SY
330,99,Blackbird,SA3 7ED
331,84,Farmco,QG6 5JJ
332,32,Logan,ST6 8UZ
333,29,Judy,BV9 6SS
334,71,Cascade,HH4 2OW
335,72,Lighthouse Bay,JE7 8JQ
336,17,Ridgeview,AN1 0IU
337,89,Forest,UG6 2HY
338,52,Coolidge,AG5 2TT
339,00,Warbler,XR7 9CN
340,06,Spohn,YQ6 4GJ
341,04,Arkansas,ST9 3TQ
342,03,Schurz,SF6 2DL
343,56,Anhalt,FI4 7RC
344,57,Waubesa,TX6 2VF
345,05,Lillian,KN0 6HI
346,63,Myrtle,ZY9 6ZS
347,95,Veith,OY7 1FU
348,72,4th,FJ3 7UY
349,42,High Crossing,WW7 0QR
350,94,Stoughton,JE0 6LD
351,62,Graceland,DA7 7PK
352,21,Morrow,ZW3 6VJ
353,97,Lindbergh,KB3 5TQ
354,85,Independence,WG4 2DB
355,66,Stone Corner,XM2 2BN
356,46,Victoria,AP8 6BZ
357,11,Susan,BL8 8TZ
358,64,Rowland,YV0 3BM
359,07,Cody,RI3 4KB
360,92,Evergreen,KN2 5WV
361,57,Meadow Vale,YP1 8QE
362,59,Mandrake,XI1 9PF
363,69,Pankratz,ZS8 2WU
364,80,Stone Corner,OZ4 6DF
365,16,Montana,KO9 1NB
366,91,Brickson Park,CE0 1TS
367,93,Bonner,HU8 6ZC
368,24,Cascade,WM4 4DW
369,32,Russell,BX0 0YK
370,20,Saint Paul,EQ6 1EJ
371,57,Algoma,IG7 5EQ
372,08,Iowa,SR7 1CV
373,30,Lake View,OM1 8HL
374,69,Laurel,ZO4 8BV
375,74,Hauk,LZ6 2YG
376,33,Vera,CP5 4ML
377,54,Cody,RB2 0OE
378,57,Kropf,UQ7 7QY
379,64,Sloan,OH1 9AN
380,23,Green Ridge,RO0 8YD
381,81,Spohn,NJ0 3KW
382,40,Sloan,OP7 5DE
383,94,Banding,YD5 2JC
384,68,Springs,NJ6 9NN
385,10,Ruskin,NY2 9HH
386,34,High Crossing,RC3 5ZP
387,17,Independence,MB7 7CF
388,70,Merrick,QB2 6NF
389,03,Emmet,JM0 0KN
390,25,Menomonie,KT4 6AH
391,57,Summit,QG8 4KA
392,20,Cascade,YC3 9HF
393,13,Memorial,JT7 9WJ
394,70,Commercial,RX5 5SZ
395,67,Pine View,EN8 6PK
396,08,Magdeline,VC7 9GO
397,01,Utah,GI4 7XL
398,16,3rd,HK9 7IF
399,13,Northview,ZD1 6XB
400,23,Florence,HI0 9VL
401,55,Pawling,TR1 1SY
402,78,Lindbergh,OL6 0GV
403,15,Cordelia,RI9 2HN
404,74,Colorado,DV3 9UZ
405,61,Grim,TN0 0JH
406,10,Roth,KK4 1RL
407,19,Magdeline,RX5 4FH
408,67,Corscot,ZA3 9BK
409,19,Bellgrove,AA3 4UL
410,87,Sutherland,SK5 2MI
411,76,Fuller,AI9 4UF
412,16,Atwood,JR5 7VZ
413,71,Rusk,OK7 3JO
414,72,Ramsey,BE8 8PC
415,87,South,HG4 2PT
416,03,Moose,NG8 6WS
417,51,Dovetail,BK6 1VD
418,69,High Crossing,ZR3 5BD
419,30,Montana,OG6 9OI
420,79,Hauk,PT2 5YQ
421,74,Iowa,TN6 4DT
422,62,Transport,HN8 1VL
423,63,Fieldstone,ZO2 2PM
424,59,Weeping Birch,JN2 7FP
425,08,Ridge Oak,QI0 5LS
426,70,Donald,NL7 0YZ
427,25,Elmside,QM9 7WI
428,92,Sachs,CZ1 5CZ
429,43,Prentice,CK7 2FK
430,27,Crescent Oaks,UO8 8LY
431,09,Summer Ridge,JW1 4GY
432,27,Bay,XE3 9PI
433,19,Forest,JM4 6WE
434,41,Marcy,HW7 0KN
435,30,Surrey,CR1 8ZZ
436,17,Upham,AK9 6MV
437,36,Susan,FT5 3YQ
438,99,Jay,SC0 5SF
439,03,Armistice,CF2 1VA
440,11,Lotheville,MX1 1SZ
441,12,Eastwood,PV7 0OA
442,76,Mallory,ZX2 9LS
443,49,1st,KA2 5AI
444,60,Morrow,BG2 7CL
445,04,Tomscot,HR0 6PL
446,55,Charing Cross,RY7 7VJ
447,30,Logan,ZT2 1MW
448,68,Swallow,VP4 8TT
449,37,American Ash,AY2 3BW
450,07,Porter,VH9 9OU
451,84,School,XP4 8PD
452,27,Pankratz,WK8 8SY
453,53,Northport,EI7 9OE
454,91,Grayhawk,QE8 0AI
455,38,Mayfield,GV1 0YR
456,80,Caliangt,DC0 5ME
457,43,Huxley,MA4 4FF
458,78,Farwell,FE9 0QI
459,22,Lakewood Gardens,JO4 7OO
460,75,Lindbergh,LU2 0OS
461,44,Helena,XN1 3RL
462,83,Onsgard,IQ9 4MT
463,62,Charing Cross,AZ3 1DL
464,97,Barby,PK6 3QY
465,81,David,BE1 1AK
466,87,Eliot,AC2 2NT
467,78,Jenna,WZ0 2SL
468,33,Stephen,WN9 3JK
469,78,Muir,SR8 4HP
470,04,Transport,OT1 7RE
471,02,Weeping Birch,HQ1 5DR
472,49,Mesta,UM7 3VO
473,60,Main,BQ7 3HI
474,87,Doe Crossing,TY6 1XR
475,95,Roth,PQ9 6RM
476,66,Laurel,YH8 4LQ
477,14,International,VW4 7JI
478,75,Londonderry,GP8 1TL
479,08,Eastlawn,BV2 8OU
480,57,Veith,YT5 4GE
481,77,Oneill,IM2 0YB
482,57,Petterle,ZX7 6XS
483,86,Debs,TC1 3LR
484,75,Reindahl,EC6 2LA
485,72,Dapin,NN3 1BD
486,26,Homewood,DZ7 9UU
487,91,Crest Line,GM0 7LT
488,55,Lighthouse Bay,DS2 8ZI
489,30,Ohio,DM0 4TE
490,76,Manufacturers,VQ9 5IJ
491,64,Fieldstone,EB4 6KL
492,75,Summerview,ED4 4MZ
493,53,Esker,DG9 6TU
494,58,Mcbride,SD6 4TM
495,65,Karstens,JV0 2FL
496,45,Vahlen,GK8 1HV
497,86,Derek,YX3 6WQ
498,75,Porter,GG4 7AQ
499,31,Fordem,WV5 1RJ
500,81,Lawn,NH4 2IN
