parking_space_ID,parking_fee,access_code,owner_ID,charging
1,88.3,4V7JM0,41,true
2,45.48,3H1QN1,73,false
3,29.45,0B8EQ0,4,true
4,13.24,9P3SV3,28,false
5,40.84,6X0YS5,19,false
6,15.46,7A8EB4,1,true
7,85.99,6O6JK8,44,false
8,94.79,2I4QN1,46,false
9,56.47,3C3FG7,32,false
10,64.36,3T2AQ4,90,true
11,45.09,0L4GD6,39,true
12,80.89,3F0CS4,3,true
13,90.22,5Z9XW9,76,false
14,59.24,4A7FB3,71,true
15,63.7,0E4KS8,13,false
16,20.41,1T2PW4,36,false
17,55.05,5Q3BM6,35,true
18,48.25,8Y2AR8,79,false
19,49.56,6E7BG6,69,false
20,83.68,7N2XR7,54,false
21,98.71,0J6DP6,86,true
22,61.31,7O1RO9,84,false
23,45.75,0Y3IL9,80,true
24,45.36,2E0QO4,43,true
25,95.66,1R5CH1,53,false
26,56.43,2M6PC2,31,false
27,44.57,6O3PE1,43,true
28,80.51,9U3QJ8,40,false
29,74.25,9T0QW3,23,false
30,12.7,9P5XN1,36,false
31,95.81,8D9LB5,65,true
32,68.39,1W7ST1,64,false
33,34.91,6K8OK4,45,true
34,99.48,8J1EQ4,99,false
35,51.14,4Y4KN5,68,true
36,15.69,9Y7AY1,27,true
37,92.18,6U4GV6,62,true
38,81.15,8O7RY8,10,true
39,65.28,0X8SN2,9,false
40,26.58,1K8AQ6,32,true
41,71.46,2S0JN9,35,true
42,53.46,9J7YR0,70,false
43,83.35,6F9SB7,80,true
44,64.79,2Z5QT3,13,false
45,25.37,9Y2AG8,24,false
46,71.69,5A6LF3,87,true
47,99.66,1P4QL3,3,false
48,91.38,9V4BD8,5,true
49,83.96,6N2FJ6,100,true
50,61.95,1J4KB0,69,true
51,86.5,2Q5GY0,92,false
52,28.35,9B1JI2,35,false
53,85.19,0L0EQ0,81,false
54,10.39,0P6UQ6,83,false
55,33.13,2E4IW7,30,true
56,19.18,4L6CX1,73,false
57,69.03,1R3JP6,57,true
58,15.57,0J1JP3,60,true
59,13.81,7L6GN7,41,false
60,60.61,9X4NJ8,55,true
61,67.65,5S8PW7,68,true
62,6.02,7O5RI9,80,true
63,72.06,8V9TR6,76,false
64,76.33,8E5OC4,18,false
65,79.14,3A3LP6,7,false
66,22.77,6J6AU0,38,true
67,95.2,2O4HA2,100,true
68,43.63,3R2MS4,85,false
69,47.69,5L2VN6,77,false
70,6.87,5H0AG5,39,true
71,12.46,0M2BK9,89,false
72,47.08,6M9FT7,90,false
73,66.07,1R9GJ8,70,false
74,65.54,9T2AE7,51,true
75,48.24,5P3QZ2,15,true
76,67.51,8S1LA9,82,false
77,49.19,1M9LS8,75,false
78,81.2,5I3EH1,32,false
79,19.48,6E0KJ0,17,true
80,40.93,7C9NY2,48,false
81,72.52,8Y1QR2,7,true
82,20.89,9R9XC3,72,true
83,26.51,8X4NC0,69,true
84,31.53,9M0HZ3,100,false
85,9.39,3E8CT2,42,false
86,13.38,4G0SB6,23,true
87,58.2,4Q7QT6,81,true
88,96.27,5D9NW2,71,true
89,63.41,8T1MN8,89,false
90,98.57,3P7HI0,37,false
91,20.4,8E8IF0,26,true
92,23.24,4L5TN6,47,false
93,39.51,6A5NH8,97,true
94,85.01,1F7KG6,55,false
95,6.91,0U6MH3,59,false
96,6.91,9H2QJ2,43,false
97,82.44,5Y0BF0,25,false
98,18.03,1X7LA1,39,true
99,67.98,4R1HA8,58,false
100,44.12,6R1WE7,35,false
101,70.5,4C4OP7,88,true
102,76.17,3S5WF6,94,true
103,59.16,0C0JK4,93,false
104,67.53,7U5JS1,51,false
105,82.72,3O4BK8,99,false
106,89.76,3X8OA4,11,false
107,97.92,4H6SW9,26,true
108,78.14,1K8GZ8,5,true
109,30.0,3N1NE5,56,false
110,95.44,0D9OQ4,41,true
111,95.93,4G7ON7,39,false
112,52.08,1X5JV9,1,false
113,66.63,5P3PY5,85,true
114,65.98,2M2RP9,15,false
115,95.25,0W1IC7,64,false
116,59.97,8H0WF0,66,false
117,6.5,5M5YG8,54,false
118,11.0,8G0DW8,84,false
119,73.03,1Y4XV3,19,true
120,94.78,0T6UT6,67,false
121,92.31,3R6OC8,37,false
122,28.3,4W4QP9,10,true
123,29.35,0N8VH1,14,true
124,48.35,4H9HK2,80,false
125,37.01,9A3QF6,65,true
126,10.6,9L6TS0,89,false
127,83.61,0F6MB3,50,true
128,64.71,6N4HK0,15,true
129,55.5,7Z2EB3,77,false
130,48.08,8L8OI1,25,false
131,50.75,3X6JY6,49,false
132,29.03,1L1QB2,33,false
133,40.23,9U2VW7,74,false
134,62.08,5T0MZ0,41,true
135,79.2,6W9LI1,99,false
136,64.44,9W9QJ1,26,true
137,67.86,0C1TB4,14,true
138,26.86,9K0TI4,30,false
139,92.95,4S7CJ9,7,true
140,99.94,7W0YF5,87,false
141,59.43,7J4CD9,51,false
142,49.85,3B6ZZ6,17,true
143,79.42,5Q2ES9,100,true
144,44.59,4Q5RI4,64,false
145,73.11,1T5QK5,24,false
146,20.1,3S6KT2,71,true
147,18.97,0K1SR4,31,true
148,43.07,0E2JU0,16,true
149,88.71,3B3ZD8,56,true
150,84.55,5O4LL6,63,false
151,82.69,9M2SV5,23,true
152,40.37,6Y4YX5,95,false
153,14.59,1X5VM6,35,true
154,96.28,6K3YD2,40,false
155,39.6,8B7KH8,60,true
156,72.33,7Y6BB5,79,false
157,87.72,9K3XG2,76,true
158,96.63,0K7QQ6,98,true
159,81.03,8W8CW7,2,false
160,17.76,9K8SP4,50,true
161,47.52,1R9YA5,97,true
162,84.19,6L5HL9,29,true
163,8.91,3X0PC0,16,true
164,78.09,1P5MJ8,54,true
165,73.65,0U6IE6,92,false
166,51.1,1M9RF9,32,true
167,96.5,6Z1WK8,84,false
168,24.93,9A3PF1,93,true
169,16.0,9D5XB1,66,true
170,83.1,5D0QE2,52,true
171,18.19,9U4WR0,94,true
172,37.45,6B9AE2,17,true
173,39.02,4S4GF5,64,true
174,88.41,0J3JD6,25,true
175,23.35,6F7GG9,56,false
176,23.09,5N2IW9,64,false
177,8.42,4L9PO8,40,true
178,57.6,1N0AH5,24,false
179,6.23,5Y4LN4,28,true
180,9.77,9F4FV3,34,true
181,90.35,4Q9PS5,78,true
182,77.0,1M7NN9,14,true
183,46.61,9Q0CF2,36,true
184,39.41,4O2OK0,48,true
185,19.57,9N7UR4,76,true
186,18.25,9R0AJ9,26,false
187,51.81,7T5XN7,8,true
188,84.93,9N2UQ3,80,true
189,92.28,1B1RV6,57,false
190,7.71,3X3PM3,39,true
191,61.08,3M4WH2,38,true
192,92.86,8G6MZ8,1,false
193,18.13,1X0HP8,89,true
194,43.07,3P8RB9,41,true
195,35.1,2M2RZ8,94,false
196,31.05,9K5CQ4,98,true
197,59.86,3R6YB6,71,false
198,14.18,7I3EM7,66,true
199,72.81,7H1OZ7,100,true
200,68.2,2U9HI8,20,false
201,83.94,6F2AH3,11,true
202,38.58,0I3MO1,7,true
203,34.24,9D8FR5,2,true
204,95.4,8B1QC7,59,false
205,53.07,8J6GE9,9,true
206,53.29,0S6IG5,35,true
207,63.7,4R2TR2,98,true
208,77.76,7Y0EH1,21,true
209,50.98,1S5YI2,16,false
210,14.62,3A4PE7,71,false
211,6.21,2Z3XR8,91,false
212,92.04,0O1UB4,49,true
213,82.78,3A2QK6,20,false
214,68.74,8Q3SC2,18,true
215,56.48,5Y7CS9,60,false
216,30.78,9N8IW6,8,false
217,15.01,7P0BA2,88,false
218,99.17,3E5CH8,36,false
219,73.17,2N0VD9,83,false
220,86.97,6J3PZ4,53,true
221,38.79,2H7SR4,17,false
222,44.77,5R6MZ8,57,true
223,78.1,3V1RH0,40,true
224,50.39,3T2VS6,80,false
225,26.33,4F5DA2,85,false
226,17.0,7M6LB8,9,true
227,36.11,0T7TK0,66,false
228,78.73,4S7WS5,98,true
229,45.03,9Q9EM5,74,false
230,8.9,5G7OQ3,52,true
231,65.04,5E6IQ3,57,true
232,10.77,7V1MR8,11,true
233,29.58,7E4DY6,59,true
234,40.93,8I7BH4,92,false
235,33.83,7A6JL8,12,true
236,51.39,0N5QT9,8,true
237,42.02,3J5IP4,19,true
238,46.65,9A6RH0,95,false
239,96.44,8J4QR5,44,false
240,40.85,3U9TX0,60,false
241,90.58,3Q0AF2,84,true
242,76.71,4X7UD5,87,true
243,28.49,7K8DL4,33,false
244,25.32,1L2VY2,55,true
245,63.01,9D8PB9,76,true
246,25.69,3O0ZS0,77,false
247,15.01,5C0KZ9,25,true
248,85.0,2H5MQ6,46,false
249,49.25,9J4ZS9,48,true
250,9.19,0B5AW9,75,true
251,58.01,1T6DR8,88,false
252,14.61,5V9DZ8,87,false
253,90.3,6E1JL4,15,false
254,97.33,1B9SH6,30,true
255,28.92,0V6HN9,72,true
256,33.7,8W8OS2,80,true
257,79.83,5C9WO8,59,false
258,77.77,2M5GL3,5,true
259,87.16,6E5UB6,33,true
260,27.61,9O5OH4,67,false
261,49.59,0W3JR7,51,false
262,30.51,3D2OW4,94,false
263,60.12,1X7YB2,84,true
264,63.83,5G0BG5,2,false
265,56.75,1T8KA1,82,false
266,81.91,0A4OH4,36,true
267,41.55,9C3CM8,62,true
268,20.57,2C8TV6,24,true
269,57.18,7F6JS3,45,true
270,93.34,8I2KH2,20,true
271,69.2,2C2DL5,13,true
272,58.72,4H6NE0,70,true
273,16.68,8H2VF4,32,true
274,44.22,9H3GR7,22,true
275,68.5,3B8NV8,65,false
276,39.13,0J6GP9,67,false
277,14.94,5Z6HZ9,23,true
278,51.54,5C8IG5,16,false
279,36.73,2L7QG9,99,true
280,37.85,4E1SU1,100,false
281,51.76,9A7PI9,86,true
282,81.76,7J2LX4,32,false
283,16.35,4Q2YH7,69,true
284,27.68,1Z5JL3,87,false
285,21.71,5C3UT6,98,true
286,97.05,0D7EC3,71,false
287,14.18,0T8AO5,50,true
288,38.05,8H1PA7,15,true
289,34.53,3S6QQ6,85,false
290,92.2,2V7AP0,20,false
291,48.58,1O4DB1,8,false
292,89.87,8T0QD2,70,true
293,13.78,7Q5TY0,96,true
294,77.59,9R6TM6,6,true
295,58.63,2Y7AB0,60,true
296,34.07,5D3PV6,88,true
297,27.34,7Y8FO4,64,true
298,10.01,0D7WD6,41,false
299,44.83,2O6AC4,19,true
300,70.33,4D1NE2,56,true
301,49.64,5C7DS4,53,true
302,64.61,3R2ZB2,95,true
303,5.54,1Y0ET5,7,false
304,14.97,5Z2OY6,21,false
305,42.5,5T5RO3,41,true
306,42.52,0R2QF5,29,true
307,97.67,3T0XI0,79,false
308,89.6,5P4HB4,96,true
309,47.06,3C6TE9,2,true
310,48.0,4T3IO1,18,false
311,81.44,0L8GI4,56,true
312,71.4,6X5VH6,12,true
313,71.91,6G1AI0,34,true
314,56.02,3V7VZ3,19,true
315,45.26,9F7ZW9,50,true
316,88.81,7N5WD1,92,false
317,6.44,7A2DI3,47,true
318,57.46,9P4HP7,62,true
319,55.26,0J0RE6,70,true
320,36.5,9J0SM4,37,false
321,44.57,7P4UP7,76,true
322,76.81,5G4ZW0,72,false
323,96.24,7E6BT4,78,true
324,68.77,1W2QM8,67,true
325,53.68,5N6AS3,99,true
326,27.11,5C2QM5,51,true
327,39.96,4A7JB0,68,true
328,75.72,7L7HM9,21,true
329,69.96,2M2MN3,24,true
330,49.15,1U9VG5,37,false
331,63.96,2J5MR7,75,false
332,70.27,6U9MV8,71,false
333,73.09,8K2LE9,29,true
334,46.26,0N6KG4,45,false
335,44.14,7V9GX8,10,true
336,19.65,7N2PD9,13,false
337,73.05,8F4BR8,73,true
338,57.88,6E2CM0,82,true
339,94.89,2X0WO0,98,true
340,21.54,2T6WN1,99,false
341,27.29,5F2GR6,76,false
342,75.28,0W6QY0,54,true
343,40.21,4U0UJ7,97,false
344,22.44,2D5ET4,87,true
345,88.15,7H5NV2,60,true
346,42.68,5R1WS6,31,false
347,85.17,5L0DB4,8,true
348,65.27,3J2JT1,15,false
349,72.43,8I4UO7,69,false
350,29.55,3R4JT7,6,false
351,66.07,5U4IY9,57,true
352,51.38,5Q9DY3,59,false
353,64.84,4O7VQ2,18,false
354,34.55,0S4AD3,95,false
355,64.72,0D7PO0,13,false
356,58.82,1I1GF5,67,false
357,30.21,4D9JP7,1,false
358,21.67,2P4JW2,88,false
359,51.11,4A2QL1,56,true
360,13.64,3Q1JO1,54,false
361,74.21,9S1EK9,66,false
362,26.96,3Z7AY8,9,false
363,48.96,9Q7WY6,53,false
364,55.88,7W5KD0,35,true
365,45.37,4K0KR1,40,false
366,19.36,0Z0JS1,16,false
367,17.99,2B0GY9,37,true
368,80.37,8A2RE7,49,true
369,19.65,8W7KC8,36,false
370,30.52,7S5RP5,39,false
371,14.24,4G9NL0,85,true
372,53.16,5B4QL4,24,false
373,95.63,0M3DA7,89,false
374,37.5,0W5GU2,87,true
375,24.83,1Z3VJ8,33,false
376,31.34,2I8EH6,93,false
377,61.29,6A4JY0,62,false
378,96.85,0Z8DF7,74,true
379,39.15,8B0LS9,12,true
380,87.98,2K2ZD0,45,false
381,42.78,4D6CL6,55,true
382,61.4,8D6NV2,38,false
383,85.39,4U5KR8,44,true
384,61.36,7S4KB9,66,false
385,34.15,8G4IV1,58,true
386,56.55,9X3LQ0,20,false
387,53.6,8P3UT4,69,false
388,24.88,1Z1OH5,41,true
389,92.37,2Q3QH2,68,true
390,19.79,3A3ST9,81,false
391,13.6,7J3OL8,78,true
392,25.45,0U6NT5,59,false
393,18.22,1Y9DF4,16,false
394,8.99,9B8SM3,67,false
395,20.07,6C4QK4,89,false
396,76.94,8R8HJ2,36,true
397,91.4,8T4CN2,86,true
398,20.83,4B4CM5,64,false
399,14.83,5H4IF5,26,true
400,55.43,1Z6LP3,97,true
401,17.96,8W0GQ3,23,false
402,94.01,3U7PT4,9,false
403,45.42,5Y3WG2,69,true
404,99.79,2T8PE1,74,false
405,21.0,6G5ND4,1,false
406,78.97,4Q5VQ1,44,true
407,67.68,3O2SJ1,57,true
408,31.34,6Y1FM6,14,false
409,89.11,1Q6TP9,76,true
410,55.29,5G7CI9,68,true
411,43.8,3W3ER0,15,true
412,48.54,1A9DL7,39,false
413,40.91,7X9PG1,49,true
414,54.44,7E0IX4,50,true
415,24.92,5K3QA6,82,true
416,89.43,6A7FD1,52,true
417,80.19,5V7DW9,60,false
418,47.15,5T0CS2,71,false
419,10.82,9E5ZA8,93,true
420,20.11,2Y0CW6,77,true
421,58.1,4T4UG9,54,true
422,29.54,9M2TW5,84,true
423,49.24,1X8UX0,24,false
424,13.95,0B3SA3,4,false
425,40.29,9Y7FY0,46,false
426,62.09,1T2TV1,31,true
427,95.61,1I5NG4,34,true
428,7.19,2X8WQ2,45,true
429,60.49,3D0BN1,89,false
430,54.99,4K9ZR9,69,true
431,13.84,9L4EV1,49,false
432,52.99,5U8EM1,25,false
433,37.24,4M6JS5,20,true
434,19.8,7Z3KM5,24,false
435,55.02,8V5IC0,85,true
436,20.63,0A1CA9,12,true
437,46.68,4I1PY6,91,true
438,9.21,1Q9QH5,1,false
439,44.68,2P5OX6,38,true
440,21.14,6I9CL8,59,true
441,54.99,4D6KR6,46,false
442,12.14,8V4OT7,74,false
443,29.17,8T3VR8,28,false
444,79.84,8N4MS4,83,false
445,73.03,2H0IQ8,97,false
446,43.15,3I0GR4,78,true
447,10.36,0X4SZ6,90,true
448,96.45,1V3OL2,55,false
449,60.02,8J3FG2,19,false
450,17.48,7T6JM8,39,true
451,72.68,4X4DW3,27,false
452,56.69,4I6TE4,24,true
453,14.43,2L1HU4,66,false
454,10.47,9P0ZR5,30,true
455,61.58,2N6BV4,23,true
456,7.12,7R2IM3,26,false
457,58.07,3V3CS3,48,false
458,26.13,6W0QE0,19,true
459,65.29,2C8RN2,32,true
460,58.53,6G2WJ4,31,true
461,10.71,4K5QD1,53,false
462,91.17,8I7TW9,87,false
463,72.29,4K8JM8,57,true
464,57.68,0C8US3,94,false
465,8.36,4K1TM5,70,false
466,45.87,8G9BT9,97,false
467,50.13,1O6VR7,45,true
468,93.31,6W4JG0,68,true
469,41.97,2Z9GI6,33,false
470,84.66,2J6BB6,85,false
471,23.24,3Z4PC0,71,false
472,97.48,8I0GN3,52,true
473,40.66,9D5KR9,10,false
474,20.94,5K8FD6,55,false
475,9.48,9A0MN4,60,true
476,79.4,3U6KL7,82,true
477,75.48,4M3QD1,86,true
478,32.55,6I2MH0,2,false
479,40.52,8Q5LB4,68,true
480,7.78,3X4UG9,47,false
481,23.61,6B7YP2,4,false
482,5.36,2F4FJ3,26,false
483,27.94,9P5JM5,32,false
484,69.0,0L7EW5,39,true
485,67.94,9D6VW9,10,true
486,88.69,9F1KF4,16,false
487,59.51,8J3YW7,93,false
488,54.96,6J0PG1,41,true
489,91.47,2Y3OF7,53,false
490,22.68,6Z4VL3,37,true
491,41.24,8P9YX1,35,true
492,36.71,5M3EK0,40,false
493,50.9,6T4CG6,27,false
494,63.62,0S4OT3,9,false
495,28.18,5F3VT5,95,false
496,23.1,7E7EK2,73,false
497,85.1,6A0PS5,61,true
498,14.5,3X0JZ2,33,true
499,41.59,8I9VJ2,25,false
500,43.98,2F2HQ8,45,false
