owner_ID,first_name,last_name,no_of_space,phone_number,managed_by
1,Natassia,Phillpotts,3,04479897400,5
2,Ivar,Abbis,7,03561722452,8
3,Amie,McArte,8,02302730040,10
4,Hagan,Goshawk,3,01707329731,6
5,Malena,Form,9,07860455345,1
6,Cesaro,Rouzet,10,05022800030,3
7,Herbert,Egginson,8,07774154254,1
8,Veda,Hasnip,1,01155426512,10
9,Gabriellia,Hinrichs,1,07075641514,7
10,Sibyl,Louisot,9,07623738325,8
11,Shanie,Sybry,1,01116288727,8
12,Harbert,Haveline,9,06505336072,10
13,Pennie,Crotty,9,01406718728,5
14,Grier,Oldis,3,06444405243,3
15,Dru,Matson,3,03611008528,9
16,Griffin,Endean,3,05921431747,6
17,Zeke,Paslow,4,01680891437,7
18,Charil,Mathou,8,06160843644,2
19,Tanitansy,Alldridge,9,05045991367,5
20,Efrem,Novello,1,09043710391,1
21,Sargent,Domini,7,08325467519,6
22,Hastie,Ledrane,10,04045050731,10
23,Sibeal,Lensch,8,04399367565,8
24,Sergio,Wait,6,04993491472,4
25,Lynett,Perillio,1,00998305080,9
26,Audre,Tison,8,04237610575,2
27,Olga,Wallen,5,03014161016,8
28,Jamal,McCorkindale,8,07439942406,7
29,Codie,Garton,8,04501226402,4
30,Petra,Gayne,4,00289526874,1
31,Genna,Frany,1,05552305449,3
32,Goldina,Samsin,9,04075956770,1
33,Paul,Hartle,8,03419433019,4
34,Leigha,Freezor,10,01253090390,6
35,Corrinne,Prium,5,07722186876,7
36,Hughie,Klauer,8,08605749347,1
37,Hillyer,Switland,8,01172526285,5
38,Sandy,Janda,2,04585564067,4
39,Eldridge,Lovejoy,5,02871298709,7
40,Gunther,Juliano,3,07567333416,9
41,Constantina,Tuckley,6,06295464450,1
42,Tucker,Turfs,5,09351718028,9
43,Edna,Vercruysse,10,06384472002,2
44,Meir,MacAskill,10,01985264508,5
45,Myrtice,Fozzard,1,03607260156,10
46,Janel,Josselsohn,10,06700123363,1
47,Idette,Bartholin,4,08328049471,9
48,Katuscha,Suttle,7,08820447943,7
49,Aimil,Lidgard,5,05651372725,8
50,Ralina,Sewter,8,09827140662,6
51,Cristie,Neads,4,02430576280,6
52,Ilysa,Challender,10,07347594260,5
53,Lorie,Lorincz,3,03102490172,8
54,Daven,Andrejevic,2,00583193411,7
55,Hilarius,Grew,7,07079272152,2
56,Dore,Varty,6,04345676275,8
57,Jerrine,Bice,1,06051185013,6
58,Shara,Chinn,2,09593414772,4
59,Ali,Halbeard,4,00417587248,2
60,Inesita,Herity,2,08177766348,7
61,Lazare,Kennedy,4,05459206000,10
62,Wait,Piel,4,07983635272,5
63,Kalila,Munnion,10,00104864042,1
64,Abby,Spilstead,2,07122375100,4
65,Farley,Tindle,3,03474164704,9
66,Skip,Bentje,1,08562518297,3
67,Michail,Dymidowski,7,00320796633,4
68,Zared,Obington,6,03655133957,5
69,Axe,Syrie,8,03220370079,8
70,Patti,Elland,6,06817297116,9
71,Bernardo,Craker,6,08570375208,2
72,Celie,Craxford,2,06007924558,6
73,Verney,Vaneev,1,06983058945,1
74,Timothee,Danielou,7,05600578343,9
75,Lorelei,Heasman,7,08517956102,3
76,Barry,Bewly,9,07106911309,3
77,Eloisa,Poupard,4,06733450065,4
78,Nev,McCotter,1,00560996495,10
79,Coleman,Maciejak,3,00971193247,5
80,Davy,Crellim,5,09012836798,7
81,Emmye,Watkins,8,06488700207,5
82,Hervey,Backshill,9,06023719567,3
83,Owen,McKew,2,01778911669,4
84,Mersey,De Mars,2,05054566599,1
85,Della,Maine,1,07475576723,10
86,Claudian,Bruckenthal,5,02146651422,4
87,Nicholas,Ivasechko,2,00686619802,9
88,Vivian,Gravet,6,03595508377,8
89,Noland,Auden,6,05205823296,7
90,Barbara,Cardinal,9,05624094322,6
91,Ofelia,Dirkin,10,07021365601,4
92,Angelika,Tomaszczyk,10,00486816489,7
93,Wynny,Johnsee,8,01814872850,1
94,Diego,Brabyn,5,05167011531,5
95,Jone,Floodgate,1,02765752662,9
96,Holly,Walklott,1,08543011343,9
97,Danica,Holtham,5,00119729941,8
98,Francine,Kliement,10,08630520409,7
99,Marius,Fenty,4,08631969255,4
100,Arturo,Wolfendale,2,06398918384,2
