parking_space_id,house_number,street_name,post_code,parking_fee
1,65,Sutherland,"PO4 2XO",88
2,77,Stoughton,"JN8 7QH",45
3,52,Sunfield,"OH2 2VY",29
4,45,"Meadow Vale","IN6 4PP",13
5,91,Myrtle,"PC6 2UY",41
6,92,Manitowish,"ZD2 9IT",15
7,67,Melrose,"LP1 3CJ",86
8,38,"Clyde Gallagher","ND3 5XA",95
9,03,Blaine,"IX1 5FQ",56
10,31,Onsgard,"DV8 1UK",64
11,46,Bashford,"PT4 2FN",45
12,99,Oakridge,"AI7 2SJ",81
13,95,Gateway,"AR9 1JR",90
14,43,Duke,"PT6 5MS",59
15,51,Anniversary,"GE7 5EE",64
16,04,Golf,"IP1 6QL",20
17,07,Lakewood,"KD7 6VQ",55
18,11,Village,"TS2 2BV",48
19,87,Tennessee,"CP9 2OS",50
20,60,Larry,"IS7 7TQ",84
21,45,Canary,"DW8 4SK",99
22,45,Caliangt,"IF3 5RM",61
23,17,Columbus,"TL2 3TE",46
24,64,Independence,"YJ3 4EZ",45
25,21,Kedzie,"RR2 0HO",96
26,74,Killdeer,"ZG1 5JX",56
27,86,8th,"CR1 3UV",45
28,90,Mayfield,"IK6 8CU",81
29,85,"Crest Line","VI4 1SE",74
30,65,Fremont,"KH0 4EK",13
31,06,Coolidge,"IB9 8EQ",96
32,04,Bartelt,"TE7 4YR",68
33,55,Grover,"GH6 9QC",35
34,81,Larry,"NY7 7WQ",99
35,64,Bluejay,"WF5 2EM",51
36,38,Grasskamp,"AE5 1LR",16
37,22,Artisan,"DA5 4AM",92
38,98,Bartillon,"CF0 1XN",81
39,70,Laurel,"LD2 2RI",65
40,10,Roth,"MR4 9SB",27
41,27,Goodland,"DM6 6AN",71
42,39,Texas,"WJ7 0LS",53
43,15,Glendale,"LU3 1DV",83
44,80,"Summer Ridge","VO5 7OC",65
45,01,Cherokee,"ZY1 2BW",25
46,69,"Forest Run","XE7 5VM",72
47,82,American,"RJ3 9LW",100
48,62,Erie,"CW1 4UW",91
49,73,Mayer,"HN8 9ZR",84
50,86,Coolidge,"AV2 6JC",62
51,82,"Mariners Cove","UF1 1UR",87
52,16,Coolidge,"KW6 6CZ",28
53,37,Stoughton,"DO1 0XF",85
54,55,Iowa,"ZX1 2WY",10
55,10,Golf,"FX6 8IV",33
56,87,Butterfield,"XW5 6LZ",19
57,09,Harbort,"HK5 8MT",69
58,07,Novick,"QE0 0JY",16
59,80,Springs,"SA6 6IA",14
60,17,Spenser,"CZ6 1EA",61
61,77,Rieder,"XD6 3RJ",68
62,68,Moose,"DD8 8GS",6
63,11,Annamark,"LH3 7EF",72
64,88,Laurel,"CE1 8VK",76
65,15,Lyons,"HG9 5RK",79
66,52,"Meadow Vale","XU1 1BB",23
67,64,Leroy,"PR6 5YP",95
68,52,Pawling,"LB8 8YR",44
69,96,"Village Green","UZ0 0UV",48
70,59,Nova,"XX7 3TD",7
71,09,Tomscot,"GD7 1JO",12
72,06,Sutteridge,"DW8 1RC",47
73,82,Onsgard,"TL9 7YZ",66
74,02,Lakewood,"HU1 4JL",66
75,67,Scofield,"NI9 4UR",48
76,47,Carey,"TF8 8LF",68
77,67,Trailsway,"DU6 6RC",49
78,86,Nobel,"CH5 4UO",81
79,48,International,"NI4 8JN",19
80,80,Leroy,"NQ0 9KL",41
81,48,Service,"AC3 1XQ",73
82,44,Prairieview,"KQ9 1RE",21
83,07,Dayton,"AT1 1SJ",27
84,24,Utah,"SI7 4XG",32
85,34,Mandrake,"UJ7 7KK",9
86,39,Quincy,"LV2 2IP",13
87,00,Springview,"HP2 2WU",58
88,34,Orin,"KH4 5GS",96
89,26,Loomis,"YC3 5VM",63
90,33,Fordem,"UG8 6PG",99
91,07,Stang,"QC6 6NX",20
92,31,Merry,"HB7 1DS",23
93,85,Mallory,"MC8 9YS",40
94,67,Banding,"NC2 2GQ",85
95,73,Warrior,"OA4 8JR",7
96,05,Trailsway,"BL0 2GC",7
97,12,Jenifer,"GR7 9XR",82
98,59,Dennis,"VV2 8AD",18
99,26,Golf,"QA8 9RT",68
100,50,Nobel,"GT9 7MX",44
101,43,Melrose,"TJ5 7FB",71
102,68,Emmet,"PX4 3ME",76
103,19,"Brickson Park","SL3 5FU",59
104,37,Calypso,"FP4 4MX",68
105,46,Anniversary,"ZD8 5QR",83
106,21,Melvin,"OW9 1MT",90
107,46,"Pepper Wood","JV9 5EV",98
108,03,"American Ash","PZ8 0EL",78
109,58,"Clyde Gallagher","XF2 0EL",30
110,52,Macpherson,"DK5 9FN",95
111,04,Thompson,"AQ9 0BD",96
112,30,"Buena Vista","UF9 9JK",52
113,67,Warbler,"WN2 7CQ",67
114,42,Messerschmidt,"KW5 8HF",66
115,74,"Ridge Oak","SP6 9RK",95
116,48,Gulseth,"YR7 8FH",60
117,39,Kedzie,"PL3 5OK",7
118,16,Hansons,"YS1 3TY",11
119,62,Carey,"AR5 2UQ",73
120,42,Sunfield,"ZS9 2DA",95
121,96,Florence,"LX0 7OO",92
122,96,Kipling,"CE1 6UH",28
123,50,Marquette,"NT9 8MC",29
124,84,Sherman,"ZD1 2WF",48
125,90,Arkansas,"GP6 8ZP",37
126,54,Anderson,"OV7 4LP",11
127,68,Magdeline,"TF6 6PC",84
128,22,Union,"ZR3 2IQ",65
129,30,Northridge,"EG1 5KP",56
130,92,Banding,"PM1 7KH",48
131,50,Logan,"KK8 4PN",51
132,29,"Weeping Birch","YG9 9LL",29
133,35,Emmet,"FB0 3WG",40
134,47,"Eagle Crest","VS8 0FN",62
135,24,Bobwhite,"JV9 5GP",79
136,12,Melvin,"MR7 6TL",64
137,53,Bultman,"WW6 9BO",68
138,80,Pankratz,"EZ0 6XP",27
139,46,Shelley,"UP7 7CV",93
140,28,Sunbrook,"FM5 6DO",100
141,09,Glendale,"OI1 9WR",59
142,21,Muir,"HD6 1CO",50
143,32,Hovde,"ME7 4FL",79
144,75,Independence,"HD5 0ZL",45
145,69,"Little Fleur","YD6 1ZQ",73
146,82,Aberg,"KN5 3LT",20
147,78,North,"AQ8 2CS",19
148,44,Annamark,"WG0 7FH",43
149,45,Homewood,"YX6 9VY",89
150,95,Transport,"PN3 3TD",85
151,08,Southridge,"DC4 0RZ",83
152,65,Esch,"TX2 3KW",40
153,85,Lotheville,"LC7 6YV",15
154,44,Alpine,"XA1 5UF",96
155,53,Gerald,"HC0 4QS",40
156,76,Rowland,"DP0 2QQ",72
157,77,Paget,"WL4 9PH",88
158,44,Rusk,"ZC4 0CB",97
159,29,Northfield,"WZ8 9KQ",81
160,95,Cordelia,"LF4 3AC",18
161,25,Grasskamp,"AB2 5IH",48
162,16,Fairfield,"TN1 9GL",84
163,15,Grover,"ZM0 7UN",9
164,85,Fieldstone,"OY1 8OT",78
165,95,Spaight,"UX4 6TX",74
166,33,"American Ash","AK5 2YA",51
167,97,Sullivan,"UQ8 7UO",97
168,81,Ridgeway,"UQ6 0OA",25
169,85,"Mariners Cove","BV6 1GV",16
170,47,Kingsford,"FB5 6SL",83
171,68,"Lakewood Gardens","XZ4 2CP",18
172,75,"Buena Vista","ZN1 3NU",37
173,43,Quincy,"YT3 2JE",39
174,66,Monument,"AY5 7EO",88
175,07,Anhalt,"LP3 6SQ",23
176,32,Kenwood,"OJ4 5KW",23
177,65,Eastwood,"TI0 5TN",8
178,14,Pierstorff,"GW3 7WZ",58
179,83,Springview,"UG0 4SZ",6
180,76,"Meadow Valley","BM0 6ZP",10
181,39,Mayer,"DA9 6CX",90
182,00,Elka,"AV6 5UL",77
183,53,West,"NQ1 8VT",47
184,35,Center,"BW0 7CS",39
185,74,Caliangt,"PN1 1LT",20
186,84,Wayridge,"LI0 7ZG",18
187,59,Paget,"RZ5 2JP",52
188,77,Washington,"IV8 6SJ",85
189,13,Russell,"UW4 8WI",92
190,87,Towne,"UN0 4EY",8
191,34,Johnson,"NN0 9LE",61
192,22,Steensland,"IX8 4SB",93
193,26,Kenwood,"AC3 9VW",18
194,59,Vermont,"ZC0 9GU",43
195,44,Laurel,"XJ7 0EX",35
196,11,Kensington,"NO6 2FA",31
197,42,Division,"JZ4 0LM",60
198,46,Mifflin,"JZ5 3IP",14
199,29,Gale,"AV0 0AG",73
200,13,Upham,"EO6 5IA",68
201,38,Ridgeview,"DC0 9PM",84
202,91,Sauthoff,"RL0 1ES",39
203,80,Mandrake,"QX2 5WE",34
204,09,Shelley,"EK5 1FV",95
205,66,Macpherson,"CY5 3DT",53
206,31,Talisman,"WZ1 5FV",53
207,53,Luster,"WO6 7PK",64
208,44,Fairview,"DV7 2ZI",78
209,46,"Crest Line","AR8 5QZ",51
210,85,Mockingbird,"OU7 4HJ",15
211,76,"Pepper Wood","UV5 3BH",6
212,56,Tomscot,"MZ0 0CX",92
213,81,Hallows,"ER5 9ZA",83
214,60,Dorton,"NO4 7DU",69
215,56,"Ridge Oak","NV4 1IF",56
216,81,3rd,"TW6 2WQ",31
217,18,"Crest Line","PT4 5QD",15
218,47,Hovde,"XU7 6QP",99
219,78,Waubesa,"CS4 1NU",73
220,23,Derek,"WL7 2MA",87
221,94,Manley,"KG3 3GT",39
222,62,Loeprich,"WL5 2IO",45
223,65,Division,"DD4 7RY",78
224,05,Sauthoff,"OE1 4OT",50
225,92,Shelley,"OG3 0LE",26
226,08,Merrick,"AP9 0DA",17
227,19,Delladonna,"ZX7 9XA",36
228,50,Miller,"IN2 7AR",79
229,86,Nevada,"GT2 4OA",45
230,38,Sugar,"QQ3 8IA",9
231,03,Farwell,"MG2 8ZW",65
232,26,Lunder,"UM7 1DN",11
233,08,Schlimgen,"SR3 5SB",30
234,82,Upham,"HA5 2SJ",41
235,80,Forest,"VO4 4PI",34
236,05,Ridgeway,"EA6 9WQ",51
237,22,Rutledge,"WX8 0WL",42
238,56,Manley,"XI9 6CJ",47
239,37,Eggendart,"PZ4 7ED",96
240,63,Browning,"JM0 3LS",41
241,41,Victoria,"PU5 6KK",91
242,98,Crownhardt,"EP9 7SA",77
243,68,Troy,"BA2 8EU",28
244,29,Manley,"PS9 6HA",25
245,15,Havey,"ZM9 6UH",63
246,34,Susan,"EA3 1GQ",26
247,32,Fallview,"OU4 8VT",15
248,70,Spaight,"ES9 4SF",85
249,18,Waywood,"JU2 0IT",49
250,96,Corscot,"IA8 5GT",9
251,63,Lerdahl,"UB3 7HK",58
252,97,Ramsey,"PY6 7GH",15
253,87,Barnett,"OO2 3SB",90
254,05,"Meadow Ridge","OB5 7LW",97
255,99,"Oak Valley","RB9 1FG",29
256,60,International,"AO9 8XF",34
257,79,Swallow,"XE6 7LI",80
258,83,Lukken,"WO3 3KN",78
259,99,8th,"YH1 6UD",87
260,36,Stoughton,"NA1 8IF",28
261,00,Sunbrook,"KV6 5DR",50
262,72,Farmco,"IX3 5GJ",31
263,03,Mifflin,"QS3 6CV",60
264,07,Dryden,"JP5 1ON",64
265,66,Center,"GI9 7UF",57
266,48,Evergreen,"BD6 4RV",82
267,18,Nelson,"YD3 4LM",42
268,93,Rockefeller,"SU0 6FK",21
269,61,"Golden Leaf","BG5 8KM",57
270,21,Crowley,"LA2 7HS",93
271,79,Erie,"GM7 1GG",69
272,70,Sloan,"VO7 2MX",59
273,38,Surrey,"NW7 9ZK",17
274,25,"Meadow Vale","JU0 6YX",44
275,39,Northview,"US6 0OH",69
276,31,Ruskin,"XP3 0SR",39
277,35,Spohn,"XG9 7ZJ",15
278,15,Carpenter,"AS7 2RW",52
279,49,Melby,"NG1 2JK",37
280,84,Sunnyside,"UU9 1ZR",38
281,96,Veith,"VR3 7GX",52
282,99,Hoard,"UN2 3NR",82
283,42,"Pepper Wood","NK9 7ZE",16
284,09,Bellgrove,"QJ1 4YU",28
285,67,Sunfield,"QV1 6IA",22
286,48,Oxford,"OW9 7WM",97
287,55,Manitowish,"VO6 1TO",14
288,01,6th,"LJ3 5JS",38
289,75,Crowley,"TB8 3RD",35
290,26,Springs,"HZ2 3EX",92
291,96,Cottonwood,"TP6 4OQ",49
292,35,Orin,"PZ2 0KB",90
293,46,"Golf View","BD9 0RX",14
294,83,Lukken,"AS7 6QL",78
295,46,Granby,"WG6 0WT",59
296,26,Milwaukee,"YX7 5DT",34
297,83,"Park Meadow","DH1 2WT",27
298,18,Quincy,"OD4 5YR",10
299,13,David,"IY4 4RG",45
300,68,"Green Ridge","BM0 9SD",70
301,81,Russell,"XT0 3XR",50
302,64,Montana,"ZQ7 0VR",65
303,83,Longview,"IH0 3AY",6
304,95,"Old Gate","FD4 5VB",15
305,03,Pearson,"YG5 9YN",43
306,90,Loeprich,"NB6 6UV",43
307,94,Gulseth,"LT2 7DC",98
308,38,Pankratz,"QS2 9KX",90
309,20,Lotheville,"OP2 2VD",47
310,03,Melvin,"JD3 8CI",48
311,97,Blaine,"NH6 4GO",81
312,34,Corscot,"GY2 7KE",71
313,93,Caliangt,"KB4 5EV",72
314,06,Shelley,"OS7 9VR",56
315,54,David,"TR4 5YQ",45
316,55,Artisan,"UR7 6KS",89
317,54,Anderson,"VM8 9CN",6
318,27,Shasta,"YR6 2GA",57
319,13,Cherokee,"CQ2 3RD",55
320,53,Ludington,"WX7 2AF",37
321,88,Bobwhite,"NY8 1KR",45
322,51,Nevada,"SD5 1VO",77
323,46,Pawling,"US6 0VK",96
324,34,Spaight,"IW5 0RF",69
325,91,Mitchell,"AH0 1PF",54
326,79,Becker,"NE4 9NB",27
327,86,Utah,"UI6 1MI",40
328,40,1st,"JL5 2SB",76
329,36,"High Crossing","WL6 3SY",70
330,99,Blackbird,"SA3 7ED",49
331,84,Farmco,"QG6 5JJ",64
332,32,Logan,"ST6 8UZ",70
333,29,Judy,"BV9 6SS",73
334,71,Cascade,"HH4 2OW",46
335,72,"Lighthouse Bay","JE7 8JQ",44
336,17,Ridgeview,"AN1 0IU",20
337,89,Forest,"UG6 2HY",73
338,52,Coolidge,"AG5 2TT",58
339,00,Warbler,"XR7 9CN",95
340,06,Spohn,"YQ6 4GJ",22
341,04,Arkansas,"ST9 3TQ",27
342,03,Schurz,"SF6 2DL",75
343,56,Anhalt,"FI4 7RC",40
344,57,Waubesa,"TX6 2VF",22
345,05,Lillian,"KN0 6HI",88
346,63,Myrtle,"ZY9 6ZS",43
347,95,Veith,"OY7 1FU",85
348,72,4th,"FJ3 7UY",65
349,42,"High Crossing","WW7 0QR",72
350,94,Stoughton,"JE0 6LD",30
351,62,Graceland,"DA7 7PK",66
352,21,Morrow,"ZW3 6VJ",51
353,97,Lindbergh,"KB3 5TQ",65
354,85,Independence,"WG4 2DB",35
355,66,"Stone Corner","XM2 2BN",65
356,46,Victoria,"AP8 6BZ",59
357,11,Susan,"BL8 8TZ",30
358,64,Rowland,"YV0 3BM",22
359,07,Cody,"RI3 4KB",51
360,92,Evergreen,"KN2 5WV",14
361,57,"Meadow Vale","YP1 8QE",74
362,59,Mandrake,"XI1 9PF",27
363,69,Pankratz,"ZS8 2WU",49
364,80,"Stone Corner","OZ4 6DF",56
365,16,Montana,"KO9 1NB",45
366,91,"Brickson Park","CE0 1TS",19
367,93,Bonner,"HU8 6ZC",18
368,24,Cascade,"WM4 4DW",80
369,32,Russell,"BX0 0YK",20
370,20,"Saint Paul","EQ6 1EJ",31
371,57,Algoma,"IG7 5EQ",14
372,08,Iowa,"SR7 1CV",53
373,30,"Lake View","OM1 8HL",96
374,69,Laurel,"ZO4 8BV",38
375,74,Hauk,"LZ6 2YG",25
376,33,Vera,"CP5 4ML",31
377,54,Cody,"RB2 0OE",61
378,57,Kropf,"UQ7 7QY",97
379,64,Sloan,"OH1 9AN",39
380,23,"Green Ridge","RO0 8YD",88
381,81,Spohn,"NJ0 3KW",43
382,40,Sloan,"OP7 5DE",61
383,94,Banding,"YD5 2JC",85
384,68,Springs,"NJ6 9NN",61
385,10,Ruskin,"NY2 9HH",34
386,34,"High Crossing","RC3 5ZP",57
387,17,Independence,"MB7 7CF",54
388,70,Merrick,"QB2 6NF",25
389,03,Emmet,"JM0 0KN",92
390,25,Menomonie,"KT4 6AH",20
391,57,Summit,"QG8 4KA",14
392,20,Cascade,"YC3 9HF",25
393,13,Memorial,"JT7 9WJ",18
394,70,Commercial,"RX5 5SZ",9
395,67,"Pine View","EN8 6PK",20
396,08,Magdeline,"VC7 9GO",77
397,01,Utah,"GI4 7XL",91
398,16,3rd,"HK9 7IF",21
399,13,Northview,"ZD1 6XB",15
400,23,Florence,"HI0 9VL",55
401,55,Pawling,"TR1 1SY",18
402,78,Lindbergh,"OL6 0GV",94
403,15,Cordelia,"RI9 2HN",45
404,74,Colorado,"DV3 9UZ",100
405,61,Grim,"TN0 0JH",21
406,10,Roth,"KK4 1RL",79
407,19,Magdeline,"RX5 4FH",68
408,67,Corscot,"ZA3 9BK",31
409,19,Bellgrove,"AA3 4UL",89
410,87,Sutherland,"SK5 2MI",55
411,76,Fuller,"AI9 4UF",44
412,16,Atwood,"JR5 7VZ",49
413,71,Rusk,"OK7 3JO",41
414,72,Ramsey,"BE8 8PC",54
415,87,South,"HG4 2PT",25
416,03,Moose,"NG8 6WS",89
417,51,Dovetail,"BK6 1VD",80
418,69,"High Crossing","ZR3 5BD",47
419,30,Montana,"OG6 9OI",11
420,79,Hauk,"PT2 5YQ",20
421,74,Iowa,"TN6 4DT",58
422,62,Transport,"HN8 1VL",30
423,63,Fieldstone,"ZO2 2PM",49
424,59,"Weeping Birch","JN2 7FP",14
425,08,"Ridge Oak","QI0 5LS",40
426,70,Donald,"NL7 0YZ",62
427,25,Elmside,"QM9 7WI",96
428,92,Sachs,"CZ1 5CZ",7
429,43,Prentice,"CK7 2FK",60
430,27,"Crescent Oaks","UO8 8LY",55
431,09,"Summer Ridge","JW1 4GY",14
432,27,Bay,"XE3 9PI",53
433,19,Forest,"JM4 6WE",37
434,41,Marcy,"HW7 0KN",20
435,30,Surrey,"CR1 8ZZ",55
436,17,Upham,"AK9 6MV",21
437,36,Susan,"FT5 3YQ",47
438,99,Jay,"SC0 5SF",9
439,03,Armistice,"CF2 1VA",45
440,11,Lotheville,"MX1 1SZ",21
441,12,Eastwood,"PV7 0OA",55
442,76,Mallory,"ZX2 9LS",12
443,49,1st,"KA2 5AI",29
444,60,Morrow,"BG2 7CL",80
445,04,Tomscot,"HR0 6PL",73
446,55,"Charing Cross","RY7 7VJ",43
447,30,Logan,"ZT2 1MW",10
448,68,Swallow,"VP4 8TT",96
449,37,"American Ash","AY2 3BW",60
450,07,Porter,"VH9 9OU",17
451,84,School,"XP4 8PD",73
452,27,Pankratz,"WK8 8SY",57
453,53,Northport,"EI7 9OE",14
454,91,Grayhawk,"QE8 0AI",10
455,38,Mayfield,"GV1 0YR",62
456,80,Caliangt,"DC0 5ME",7
457,43,Huxley,"MA4 4FF",58
458,78,Farwell,"FE9 0QI",26
459,22,"Lakewood Gardens","JO4 7OO",65
460,75,Lindbergh,"LU2 0OS",59
461,44,Helena,"XN1 3RL",11
462,83,Onsgard,"IQ9 4MT",91
463,62,"Charing Cross","AZ3 1DL",72
464,97,Barby,"PK6 3QY",58
465,81,David,"BE1 1AK",8
466,87,Eliot,"AC2 2NT",46
467,78,Jenna,"WZ0 2SL",50
468,33,Stephen,"WN9 3JK",93
469,78,Muir,"SR8 4HP",42
470,04,Transport,"OT1 7RE",85
471,02,"Weeping Birch","HQ1 5DR",23
472,49,Mesta,"UM7 3VO",97
473,60,Main,"BQ7 3HI",41
474,87,"Doe Crossing","TY6 1XR",21
475,95,Roth,"PQ9 6RM",9
476,66,Laurel,"YH8 4LQ",79
477,14,International,"VW4 7JI",75
478,75,Londonderry,"GP8 1TL",33
479,08,Eastlawn,"BV2 8OU",41
480,57,Veith,"YT5 4GE",8
481,77,Oneill,"IM2 0YB",24
482,57,Petterle,"ZX7 6XS",5
483,86,Debs,"TC1 3LR",28
484,75,Reindahl,"EC6 2LA",69
485,72,Dapin,"NN3 1BD",68
486,26,Homewood,"DZ7 9UU",89
487,91,"Crest Line","GM0 7LT",60
488,55,"Lighthouse Bay","DS2 8ZI",55
489,30,Ohio,"DM0 4TE",91
490,76,Manufacturers,"VQ9 5IJ",23
491,64,Fieldstone,"EB4 6KL",41
492,75,Summerview,"ED4 4MZ",37
493,53,Esker,"DG9 6TU",51
494,58,Mcbride,"SD6 4TM",64
495,65,Karstens,"JV0 2FL",28
496,45,Vahlen,"GK8 1HV",23
497,86,Derek,"YX3 6WQ",85
498,75,Porter,"GG4 7AQ",15
499,31,Fordem,"WV5 1RJ",42
500,81,Lawn,"NH4 2IN",44
