parking_space_id,parking_fee,access_code,owner_id,charging
1,88,4V7JM0,41,True
3,29,0B8EQ0,4,True
6,15,7A8EB4,1,True
10,64,3T2AQ4,90,True
11,45,0L4GD6,39,True
12,81,3F0CS4,3,True
14,59,4A7FB3,71,True
17,55,5Q3BM6,35,True
21,99,0J6DP6,86,True
23,46,0Y3IL9,80,True
24,45,2E0QO4,43,True
27,45,6O3PE1,43,True
31,96,8D9LB5,65,True
33,35,6K8OK4,45,True
35,51,4Y4KN5,68,True
36,16,9Y7AY1,27,True
37,92,6U4GV6,62,True
38,81,8O7RY8,10,True
40,27,1K8AQ6,32,True
41,71,2S0JN9,35,True
43,83,6F9SB7,80,True
46,72,5A6LF3,87,True
48,91,9V4BD8,5,True
49,84,6N2FJ6,100,True
50,62,1J4KB0,69,True
55,33,2E4IW7,30,True
57,69,1R3JP6,57,True
58,16,0J1JP3,60,True
60,61,9X4NJ8,55,True
61,68,5S8PW7,68,True
66,23,6J6AU0,38,True
67,95,2O4HA2,100,True
74,66,9T2AE7,51,True
75,48,5P3QZ2,15,True
79,19,6E0KJ0,17,True
81,73,8Y1QR2,7,True
82,21,9R9XC3,72,True
83,27,8X4NC0,69,True
86,13,4G0SB6,23,True
87,58,4Q7QT6,81,True
88,96,5D9NW2,71,True
91,20,8E8IF0,26,True
93,40,6A5NH8,97,True
98,18,1X7LA1,39,True
101,71,4C4OP7,88,True
102,76,3S5WF6,94,True
107,98,4H6SW9,26,True
108,78,1K8GZ8,5,True
110,95,0D9OQ4,41,True
113,67,5P3PY5,85,True
119,73,1Y4XV3,19,True
122,28,4W4QP9,10,True
123,29,0N8VH1,14,True
125,37,9A3QF6,65,True
127,84,0F6MB3,50,True
128,65,6N4HK0,15,True
134,62,5T0MZ0,41,True
136,64,9W9QJ1,26,True
137,68,0C1TB4,14,True
139,93,4S7CJ9,7,True
142,50,3B6ZZ6,17,True
143,79,5Q2ES9,100,True
146,20,3S6KT2,71,True
147,19,0K1SR4,31,True
148,43,0E2JU0,16,True
149,89,3B3ZD8,56,True
151,83,9M2SV5,23,True
153,15,1X5VM6,35,True
155,40,8B7KH8,60,True
157,88,9K3XG2,76,True
158,97,0K7QQ6,98,True
160,18,9K8SP4,50,True
161,48,1R9YA5,97,True
162,84,6L5HL9,29,True
164,78,1P5MJ8,54,True
166,51,1M9RF9,32,True
168,25,9A3PF1,93,True
169,16,9D5XB1,66,True
170,83,5D0QE2,52,True
171,18,9U4WR0,94,True
172,37,6B9AE2,17,True
173,39,4S4GF5,64,True
174,88,0J3JD6,25,True
181,90,4Q9PS5,78,True
182,77,1M7NN9,14,True
183,47,9Q0CF2,36,True
184,39,4O2OK0,48,True
185,20,9N7UR4,76,True
187,52,7T5XN7,8,True
188,85,9N2UQ3,80,True
191,61,3M4WH2,38,True
193,18,1X0HP8,89,True
194,43,3P8RB9,41,True
196,31,9K5CQ4,98,True
198,14,7I3EM7,66,True
199,73,7H1OZ7,100,True
201,84,6F2AH3,11,True
202,39,0I3MO1,7,True
203,34,9D8FR5,2,True
205,53,8J6GE9,9,True
206,53,0S6IG5,35,True
207,64,4R2TR2,98,True
208,78,7Y0EH1,21,True
212,92,0O1UB4,49,True
214,69,8Q3SC2,18,True
220,87,6J3PZ4,53,True
222,45,5R6MZ8,57,True
223,78,3V1RH0,40,True
226,17,7M6LB8,9,True
228,79,4S7WS5,98,True
231,65,5E6IQ3,57,True
232,11,7V1MR8,11,True
233,30,7E4DY6,59,True
235,34,7A6JL8,12,True
236,51,0N5QT9,8,True
237,42,3J5IP4,19,True
241,91,3Q0AF2,84,True
242,77,4X7UD5,87,True
244,25,1L2VY2,55,True
245,63,9D8PB9,76,True
247,15,5C0KZ9,25,True
249,49,9J4ZS9,48,True
254,97,1B9SH6,30,True
255,29,0V6HN9,72,True
256,34,8W8OS2,80,True
258,78,2M5GL3,5,True
259,87,6E5UB6,33,True
263,60,1X7YB2,84,True
266,82,0A4OH4,36,True
267,42,9C3CM8,62,True
268,21,2C8TV6,24,True
269,57,7F6JS3,45,True
270,93,8I2KH2,20,True
271,69,2C2DL5,13,True
272,59,4H6NE0,70,True
273,17,8H2VF4,32,True
274,44,9H3GR7,22,True
277,15,5Z6HZ9,23,True
279,37,2L7QG9,99,True
281,52,9A7PI9,86,True
283,16,4Q2YH7,69,True
285,22,5C3UT6,98,True
287,14,0T8AO5,50,True
288,38,8H1PA7,15,True
292,90,8T0QD2,70,True
293,14,7Q5TY0,96,True
294,78,9R6TM6,6,True
295,59,2Y7AB0,60,True
296,34,5D3PV6,88,True
297,27,7Y8FO4,64,True
299,45,2O6AC4,19,True
300,70,4D1NE2,56,True
301,50,5C7DS4,53,True
302,65,3R2ZB2,95,True
305,43,5T5RO3,41,True
306,43,0R2QF5,29,True
308,90,5P4HB4,96,True
309,47,3C6TE9,2,True
311,81,0L8GI4,56,True
312,71,6X5VH6,12,True
313,72,6G1AI0,34,True
314,56,3V7VZ3,19,True
315,45,9F7ZW9,50,True
318,57,9P4HP7,62,True
319,55,0J0RE6,70,True
321,45,7P4UP7,76,True
323,96,7E6BT4,78,True
324,69,1W2QM8,67,True
325,54,5N6AS3,99,True
326,27,5C2QM5,51,True
327,40,4A7JB0,68,True
328,76,7L7HM9,21,True
329,70,2M2MN3,24,True
333,73,8K2LE9,29,True
335,44,7V9GX8,10,True
337,73,8F4BR8,73,True
338,58,6E2CM0,82,True
339,95,2X0WO0,98,True
342,75,0W6QY0,54,True
344,22,2D5ET4,87,True
345,88,7H5NV2,60,True
347,85,5L0DB4,8,True
351,66,5U4IY9,57,True
359,51,4A2QL1,56,True
364,56,7W5KD0,35,True
367,18,2B0GY9,37,True
368,80,8A2RE7,49,True
371,14,4G9NL0,85,True
374,38,0W5GU2,87,True
378,97,0Z8DF7,74,True
379,39,8B0LS9,12,True
381,43,4D6CL6,55,True
383,85,4U5KR8,44,True
385,34,8G4IV1,58,True
388,25,1Z1OH5,41,True
389,92,2Q3QH2,68,True
391,14,7J3OL8,78,True
396,77,8R8HJ2,36,True
397,91,8T4CN2,86,True
399,15,5H4IF5,26,True
400,55,1Z6LP3,97,True
403,45,5Y3WG2,69,True
406,79,4Q5VQ1,44,True
407,68,3O2SJ1,57,True
409,89,1Q6TP9,76,True
410,55,5G7CI9,68,True
411,44,3W3ER0,15,True
413,41,7X9PG1,49,True
414,54,7E0IX4,50,True
415,25,5K3QA6,82,True
416,89,6A7FD1,52,True
419,11,9E5ZA8,93,True
420,20,2Y0CW6,77,True
421,58,4T4UG9,54,True
422,30,9M2TW5,84,True
426,62,1T2TV1,31,True
427,96,1I5NG4,34,True
430,55,4K9ZR9,69,True
433,37,4M6JS5,20,True
435,55,8V5IC0,85,True
436,21,0A1CA9,12,True
437,47,4I1PY6,91,True
439,45,2P5OX6,38,True
440,21,6I9CL8,59,True
446,43,3I0GR4,78,True
450,17,7T6JM8,39,True
452,57,4I6TE4,24,True
455,62,2N6BV4,23,True
458,26,6W0QE0,19,True
459,65,2C8RN2,32,True
460,59,6G2WJ4,31,True
463,72,4K8JM8,57,True
467,50,1O6VR7,45,True
468,93,6W4JG0,68,True
472,97,8I0GN3,52,True
476,79,3U6KL7,82,True
477,75,4M3QD1,86,True
479,41,8Q5LB4,68,True
484,69,0L7EW5,39,True
485,68,9D6VW9,10,True
488,55,6J0PG1,41,True
490,23,6Z4VL3,37,True
491,41,8P9YX1,35,True
497,85,6A0PS5,61,True
498,15,3X0JZ2,33,True
