first_name,last_name
Marleah,Audsley
Sadella,Dunlop
Fiona,Amdohr
Addy,Blamire
Carolyn,Sherreard
Ola,McCrae
Phyllis,Blundan
Pippo,Pothbury
Ram,Vasechkin
Adams,Eick
Lenci,Bertelsen
Vaclav,Crafter
Shelden,Bibby
Fonsie,Yancey
Cletus,MacKettrick
Dareen,Napolione
Marisa,Kitchener
Rubi,Height
Effie,Challenger
Angelita,Eborn
Adlai,Smyth
Danella,Duhig
Glenn,Jaggar
Barnie,Basindale
Tove,Piff
Louise,Wingham
Paulita,Kilner
Marj,Andrick
Ingeberg,Sayse
Philomena,Ladds
Ermanno,Mityushkin
Giuseppe,Brymner
Paulette,Wallis
Jule,Ottam
Archy,Winmill
Barby,Angelo
Fredia,Kleinplac
Eldin,Kleinzweig
Kirsteni,Ashpole
Steven,Dionisii
Blaine,Symcock
Drud,"O' Connell"
Rodi,Vasiliu
Riobard,Maggs
Colet,Blanc
Raychel,Buyers
Joann,Viney
Rodi,Kiwitz
Colin,Nockells
Gabi,Crosetti
Alfy,Kupke
Wilhelmina,Forder
Valina,Nickoll
Aundrea,Amorine
Vilhelmina,Myhan
Bobbe,Shankster
Sonnie,Rostern
Moyna,Tax
Marcile,Jaquet
Abigail,Sinnatt
Merlina,Bilfoot
Aryn,Dulen
Daron,Reolfi
Humfrey,Benazet
Lilyan,Altimas
Randi,Hitter
Rochette,Corbin
Ruby,Bruyntjes
Sid,Goodsir
Dalt,Nossent
Merna,Mountfort
Caresa,Barnwall
Lucian,Bentall
Artemus,MacSweeney
Jayme,Adriaan
Obidiah,Wise
Georgiana,Krzyzowski
Jaime,Breslane
Margo,Waterstone
Aurilia,Burman
Jillayne,Hayford
Garret,Andreuzzi
Munmro,Sherrington
Aubrey,Bagnold
Valentin,Newcom
Northrup,Barradell
Elie,Elstob
Arny,Pincked
Neddie,Copner
Waylon,Rosario
Farlee,Engel
Jamill,Upward
Bernadette,Jacobi
Israel,Wingrove
Emmie,Forten
Yoshi,Sagg
Peggi,McOmish
Lyell,Vanyashkin
Ora,MacMychem
Neilla,Paddefield
