first_name,last_name
Ivar,Abbis
Amie,McArte
Malena,Form
Cesaro,Rouzet
Herbert,Egginson
Sibyl,Louisot
Harbert,Haveline
Pennie,Crotty
Charil,Mathou
Tanitansy,Alldridge
Sargent,Domini
Hastie,Ledrane
Sibeal,Lensch
Sergio,Wait
Audre,Tison
Jamal,McCorkindale
Codie,Garton
Goldina,Samsin
Paul,Hartle
Leigha,Freezor
Hughie,Klauer
Hillyer,Switland
Constantina,Tuckley
Edna,Vercruysse
Meir,MacAskill
Janel,Josselsohn
Katuscha,Suttle
Ralina,Sewter
Ilysa,Challender
Hilarius,Grew
Dore,Varty
Kalila,Munnion
Michail,Dymidowski
Zared,Obington
Axe,Syrie
Patti,Elland
Bernardo,Craker
Timothee,Danielou
Lorelei,Heasman
Barry,Bewly
Emmye,Watkins
Hervey,Backshill
Vivian,Gravet
Noland,Auden
Barbara,Cardinal
Ofelia,Dirkin
Angelika,Tomaszczyk
Wynny,Johnsee
Francine,Kliement
