owner_id,first_name,last_name,no_of_space_owned,manager_first_name,manager_last_name,parking_space_id,house_number,street_name,post_code,parking_fee
5,Malena,Form,9,Gustie,Gentric,48,62,Erie,"CW1 4UW",91
5,Malena,Form,9,Gustie,Gentric,108,03,"American Ash","PZ8 0EL",78
5,Malena,Form,9,Gustie,Gentric,258,83,Lukken,"WO3 3KN",78
7,Herbert,Egginson,8,Gustie,Gentric,65,15,Lyons,"HG9 5RK",79
7,Herbert,Egginson,8,Gustie,Gentric,81,48,Service,"AC3 1XQ",73
7,Herbert,Egginson,8,Gustie,Gentric,139,46,Shelley,"UP7 7CV",93
7,Herbert,Egginson,8,Gustie,Gentric,202,91,Sauthoff,"RL0 1ES",39
7,Herbert,Egginson,8,Gustie,Gentric,303,83,Longview,"IH0 3AY",6
20,Efrem,Novello,1,Gustie,Gentric,200,13,Upham,"EO6 5IA",68
20,Efrem,Novello,1,Gustie,Gentric,213,81,Hallows,"ER5 9ZA",83
20,Efrem,Novello,1,Gustie,Gentric,270,21,Crowley,"LA2 7HS",93
20,Efrem,Novello,1,Gustie,Gentric,290,26,Springs,"HZ2 3EX",92
20,Efrem,Novello,1,Gustie,Gentric,386,34,"High Crossing","RC3 5ZP",57
20,Efrem,Novello,1,Gustie,Gentric,433,19,Forest,"JM4 6WE",37
30,Petra,Gayne,4,Gustie,Gentric,55,10,Golf,"FX6 8IV",33
30,Petra,Gayne,4,Gustie,Gentric,138,80,Pankratz,"EZ0 6XP",27
30,Petra,Gayne,4,Gustie,Gentric,254,05,"Meadow Ridge","OB5 7LW",97
30,Petra,Gayne,4,Gustie,Gentric,454,91,Grayhawk,"QE8 0AI",10
32,Goldina,Samsin,9,Gustie,Gentric,9,03,Blaine,"IX1 5FQ",56
32,Goldina,Samsin,9,Gustie,Gentric,40,10,Roth,"MR4 9SB",27
32,Goldina,Samsin,9,Gustie,Gentric,78,86,Nobel,"CH5 4UO",81
32,Goldina,Samsin,9,Gustie,Gentric,166,33,"American Ash","AK5 2YA",51
32,Goldina,Samsin,9,Gustie,Gentric,273,38,Surrey,"NW7 9ZK",17
32,Goldina,Samsin,9,Gustie,Gentric,282,99,Hoard,"UN2 3NR",82
32,Goldina,Samsin,9,Gustie,Gentric,459,22,"Lakewood Gardens","JO4 7OO",65
32,Goldina,Samsin,9,Gustie,Gentric,483,86,Debs,"TC1 3LR",28
36,Hughie,Klauer,8,Gustie,Gentric,16,04,Golf,"IP1 6QL",20
36,Hughie,Klauer,8,Gustie,Gentric,30,65,Fremont,"KH0 4EK",13
36,Hughie,Klauer,8,Gustie,Gentric,183,53,West,"NQ1 8VT",47
36,Hughie,Klauer,8,Gustie,Gentric,218,47,Hovde,"XU7 6QP",99
36,Hughie,Klauer,8,Gustie,Gentric,266,48,Evergreen,"BD6 4RV",82
36,Hughie,Klauer,8,Gustie,Gentric,369,32,Russell,"BX0 0YK",20
36,Hughie,Klauer,8,Gustie,Gentric,396,08,Magdeline,"VC7 9GO",77
41,Constantina,Tuckley,6,Gustie,Gentric,1,65,Sutherland,"PO4 2XO",88
41,Constantina,Tuckley,6,Gustie,Gentric,59,80,Springs,"SA6 6IA",14
41,Constantina,Tuckley,6,Gustie,Gentric,110,52,Macpherson,"DK5 9FN",95
41,Constantina,Tuckley,6,Gustie,Gentric,134,47,"Eagle Crest","VS8 0FN",62
41,Constantina,Tuckley,6,Gustie,Gentric,194,59,Vermont,"ZC0 9GU",43
41,Constantina,Tuckley,6,Gustie,Gentric,298,18,Quincy,"OD4 5YR",10
41,Constantina,Tuckley,6,Gustie,Gentric,305,03,Pearson,"YG5 9YN",43
41,Constantina,Tuckley,6,Gustie,Gentric,388,70,Merrick,"QB2 6NF",25
41,Constantina,Tuckley,6,Gustie,Gentric,488,55,"Lighthouse Bay","DS2 8ZI",55
46,Janel,Josselsohn,10,Gustie,Gentric,8,38,"Clyde Gallagher","ND3 5XA",95
46,Janel,Josselsohn,10,Gustie,Gentric,248,70,Spaight,"ES9 4SF",85
46,Janel,Josselsohn,10,Gustie,Gentric,425,08,"Ridge Oak","QI0 5LS",40
46,Janel,Josselsohn,10,Gustie,Gentric,441,12,Eastwood,"PV7 0OA",55
63,Kalila,Munnion,10,Gustie,Gentric,150,95,Transport,"PN3 3TD",85
73,Verney,Vaneev,1,Gustie,Gentric,2,77,Stoughton,"JN8 7QH",45
73,Verney,Vaneev,1,Gustie,Gentric,56,87,Butterfield,"XW5 6LZ",19
73,Verney,Vaneev,1,Gustie,Gentric,337,89,Forest,"UG6 2HY",73
73,Verney,Vaneev,1,Gustie,Gentric,496,45,Vahlen,"GK8 1HV",23
84,Mersey,"De Mars",2,Gustie,Gentric,22,45,Caliangt,"IF3 5RM",61
84,Mersey,"De Mars",2,Gustie,Gentric,118,16,Hansons,"YS1 3TY",11
84,Mersey,"De Mars",2,Gustie,Gentric,167,97,Sullivan,"UQ8 7UO",97
84,Mersey,"De Mars",2,Gustie,Gentric,241,41,Victoria,"PU5 6KK",91
84,Mersey,"De Mars",2,Gustie,Gentric,263,03,Mifflin,"QS3 6CV",60
84,Mersey,"De Mars",2,Gustie,Gentric,422,62,Transport,"HN8 1VL",30
93,Wynny,Johnsee,8,Gustie,Gentric,103,19,"Brickson Park","SL3 5FU",59
93,Wynny,Johnsee,8,Gustie,Gentric,168,81,Ridgeway,"UQ6 0OA",25
93,Wynny,Johnsee,8,Gustie,Gentric,376,33,Vera,"CP5 4ML",31
93,Wynny,Johnsee,8,Gustie,Gentric,419,30,Montana,"OG6 9OI",11
93,Wynny,Johnsee,8,Gustie,Gentric,487,91,"Crest Line","GM0 7LT",60
18,Charil,Mathou,8,Adrea,Bagot,64,88,Laurel,"CE1 8VK",76
18,Charil,Mathou,8,Adrea,Bagot,214,60,Dorton,"NO4 7DU",69
18,Charil,Mathou,8,Adrea,Bagot,310,03,Melvin,"JD3 8CI",48
18,Charil,Mathou,8,Adrea,Bagot,353,97,Lindbergh,"KB3 5TQ",65
26,Audre,Tison,8,Adrea,Bagot,91,07,Stang,"QC6 6NX",20
26,Audre,Tison,8,Adrea,Bagot,107,46,"Pepper Wood","JV9 5EV",98
26,Audre,Tison,8,Adrea,Bagot,136,12,Melvin,"MR7 6TL",64
26,Audre,Tison,8,Adrea,Bagot,186,84,Wayridge,"LI0 7ZG",18
26,Audre,Tison,8,Adrea,Bagot,399,13,Northview,"ZD1 6XB",15
26,Audre,Tison,8,Adrea,Bagot,456,80,Caliangt,"DC0 5ME",7
26,Audre,Tison,8,Adrea,Bagot,482,57,Petterle,"ZX7 6XS",5
43,Edna,Vercruysse,10,Adrea,Bagot,24,64,Independence,"YJ3 4EZ",45
43,Edna,Vercruysse,10,Adrea,Bagot,27,86,8th,"CR1 3UV",45
43,Edna,Vercruysse,10,Adrea,Bagot,96,05,Trailsway,"BL0 2GC",7
55,Hilarius,Grew,7,Adrea,Bagot,60,17,Spenser,"CZ6 1EA",61
55,Hilarius,Grew,7,Adrea,Bagot,94,67,Banding,"NC2 2GQ",85
55,Hilarius,Grew,7,Adrea,Bagot,244,29,Manley,"PS9 6HA",25
55,Hilarius,Grew,7,Adrea,Bagot,381,81,Spohn,"NJ0 3KW",43
55,Hilarius,Grew,7,Adrea,Bagot,448,68,Swallow,"VP4 8TT",96
55,Hilarius,Grew,7,Adrea,Bagot,474,87,"Doe Crossing","TY6 1XR",21
59,Ali,Halbeard,4,Adrea,Bagot,95,73,Warrior,"OA4 8JR",7
59,Ali,Halbeard,4,Adrea,Bagot,204,09,Shelley,"EK5 1FV",95
59,Ali,Halbeard,4,Adrea,Bagot,233,08,Schlimgen,"SR3 5SB",30
59,Ali,Halbeard,4,Adrea,Bagot,257,79,Swallow,"XE6 7LI",80
59,Ali,Halbeard,4,Adrea,Bagot,352,21,Morrow,"ZW3 6VJ",51
59,Ali,Halbeard,4,Adrea,Bagot,392,20,Cascade,"YC3 9HF",25
59,Ali,Halbeard,4,Adrea,Bagot,440,11,Lotheville,"MX1 1SZ",21
71,Bernardo,Craker,6,Adrea,Bagot,14,43,Duke,"PT6 5MS",59
71,Bernardo,Craker,6,Adrea,Bagot,88,34,Orin,"KH4 5GS",96
71,Bernardo,Craker,6,Adrea,Bagot,146,82,Aberg,"KN5 3LT",20
71,Bernardo,Craker,6,Adrea,Bagot,197,42,Division,"JZ4 0LM",60
71,Bernardo,Craker,6,Adrea,Bagot,210,85,Mockingbird,"OU7 4HJ",15
71,Bernardo,Craker,6,Adrea,Bagot,286,48,Oxford,"OW9 7WM",97
71,Bernardo,Craker,6,Adrea,Bagot,332,32,Logan,"ST6 8UZ",70
71,Bernardo,Craker,6,Adrea,Bagot,418,69,"High Crossing","ZR3 5BD",47
71,Bernardo,Craker,6,Adrea,Bagot,471,02,"Weeping Birch","HQ1 5DR",23
100,Arturo,Wolfendale,2,Adrea,Bagot,49,73,Mayer,"HN8 9ZR",84
100,Arturo,Wolfendale,2,Adrea,Bagot,67,64,Leroy,"PR6 5YP",95
100,Arturo,Wolfendale,2,Adrea,Bagot,84,24,Utah,"SI7 4XG",32
100,Arturo,Wolfendale,2,Adrea,Bagot,143,32,Hovde,"ME7 4FL",79
100,Arturo,Wolfendale,2,Adrea,Bagot,199,29,Gale,"AV0 0AG",73
100,Arturo,Wolfendale,2,Adrea,Bagot,280,84,Sunnyside,"UU9 1ZR",38
6,Cesaro,Rouzet,10,Kylie,Fenemore,294,83,Lukken,"AS7 6QL",78
6,Cesaro,Rouzet,10,Kylie,Fenemore,350,94,Stoughton,"JE0 6LD",30
14,Grier,Oldis,3,Kylie,Fenemore,123,50,Marquette,"NT9 8MC",29
14,Grier,Oldis,3,Kylie,Fenemore,137,53,Bultman,"WW6 9BO",68
14,Grier,Oldis,3,Kylie,Fenemore,182,00,Elka,"AV6 5UL",77
14,Grier,Oldis,3,Kylie,Fenemore,408,67,Corscot,"ZA3 9BK",31
31,Genna,Frany,1,Kylie,Fenemore,26,74,Killdeer,"ZG1 5JX",56
31,Genna,Frany,1,Kylie,Fenemore,147,78,North,"AQ8 2CS",19
31,Genna,Frany,1,Kylie,Fenemore,346,63,Myrtle,"ZY9 6ZS",43
31,Genna,Frany,1,Kylie,Fenemore,426,70,Donald,"NL7 0YZ",62
31,Genna,Frany,1,Kylie,Fenemore,460,75,Lindbergh,"LU2 0OS",59
66,Skip,Bentje,1,Kylie,Fenemore,116,48,Gulseth,"YR7 8FH",60
66,Skip,Bentje,1,Kylie,Fenemore,169,85,"Mariners Cove","BV6 1GV",16
66,Skip,Bentje,1,Kylie,Fenemore,198,46,Mifflin,"JZ5 3IP",14
66,Skip,Bentje,1,Kylie,Fenemore,227,19,Delladonna,"ZX7 9XA",36
66,Skip,Bentje,1,Kylie,Fenemore,361,57,"Meadow Vale","YP1 8QE",74
66,Skip,Bentje,1,Kylie,Fenemore,384,68,Springs,"NJ6 9NN",61
66,Skip,Bentje,1,Kylie,Fenemore,453,53,Northport,"EI7 9OE",14
75,Lorelei,Heasman,7,Kylie,Fenemore,77,67,Trailsway,"DU6 6RC",49
75,Lorelei,Heasman,7,Kylie,Fenemore,250,96,Corscot,"IA8 5GT",9
75,Lorelei,Heasman,7,Kylie,Fenemore,331,84,Farmco,"QG6 5JJ",64
76,Barry,Bewly,9,Kylie,Fenemore,13,95,Gateway,"AR9 1JR",90
76,Barry,Bewly,9,Kylie,Fenemore,63,11,Annamark,"LH3 7EF",72
76,Barry,Bewly,9,Kylie,Fenemore,157,77,Paget,"WL4 9PH",88
76,Barry,Bewly,9,Kylie,Fenemore,185,74,Caliangt,"PN1 1LT",20
76,Barry,Bewly,9,Kylie,Fenemore,245,15,Havey,"ZM9 6UH",63
76,Barry,Bewly,9,Kylie,Fenemore,321,88,Bobwhite,"NY8 1KR",45
76,Barry,Bewly,9,Kylie,Fenemore,341,04,Arkansas,"ST9 3TQ",27
76,Barry,Bewly,9,Kylie,Fenemore,409,19,Bellgrove,"AA3 4UL",89
82,Hervey,Backshill,9,Kylie,Fenemore,76,47,Carey,"TF8 8LF",68
82,Hervey,Backshill,9,Kylie,Fenemore,265,66,Center,"GI9 7UF",57
82,Hervey,Backshill,9,Kylie,Fenemore,338,52,Coolidge,"AG5 2TT",58
82,Hervey,Backshill,9,Kylie,Fenemore,415,87,South,"HG4 2PT",25
82,Hervey,Backshill,9,Kylie,Fenemore,476,66,Laurel,"YH8 4LQ",79
24,Sergio,Wait,6,Tricia,Kaiser,45,01,Cherokee,"ZY1 2BW",25
24,Sergio,Wait,6,Tricia,Kaiser,145,69,"Little Fleur","YD6 1ZQ",73
24,Sergio,Wait,6,Tricia,Kaiser,178,14,Pierstorff,"GW3 7WZ",58
24,Sergio,Wait,6,Tricia,Kaiser,268,93,Rockefeller,"SU0 6FK",21
24,Sergio,Wait,6,Tricia,Kaiser,329,36,"High Crossing","WL6 3SY",70
24,Sergio,Wait,6,Tricia,Kaiser,372,08,Iowa,"SR7 1CV",53
24,Sergio,Wait,6,Tricia,Kaiser,423,63,Fieldstone,"ZO2 2PM",49
24,Sergio,Wait,6,Tricia,Kaiser,434,41,Marcy,"HW7 0KN",20
24,Sergio,Wait,6,Tricia,Kaiser,452,27,Pankratz,"WK8 8SY",57
29,Codie,Garton,8,Tricia,Kaiser,162,16,Fairfield,"TN1 9GL",84
29,Codie,Garton,8,Tricia,Kaiser,306,90,Loeprich,"NB6 6UV",43
29,Codie,Garton,8,Tricia,Kaiser,333,29,Judy,"BV9 6SS",73
33,Paul,Hartle,8,Tricia,Kaiser,132,29,"Weeping Birch","YG9 9LL",29
33,Paul,Hartle,8,Tricia,Kaiser,243,68,Troy,"BA2 8EU",28
33,Paul,Hartle,8,Tricia,Kaiser,259,99,8th,"YH1 6UD",87
33,Paul,Hartle,8,Tricia,Kaiser,375,74,Hauk,"LZ6 2YG",25
33,Paul,Hartle,8,Tricia,Kaiser,469,78,Muir,"SR8 4HP",42
33,Paul,Hartle,8,Tricia,Kaiser,498,75,Porter,"GG4 7AQ",15
38,Sandy,Janda,2,Tricia,Kaiser,66,52,"Meadow Vale","XU1 1BB",23
38,Sandy,Janda,2,Tricia,Kaiser,191,34,Johnson,"NN0 9LE",61
38,Sandy,Janda,2,Tricia,Kaiser,382,40,Sloan,"OP7 5DE",61
38,Sandy,Janda,2,Tricia,Kaiser,439,03,Armistice,"CF2 1VA",45
58,Shara,Chinn,2,Tricia,Kaiser,99,26,Golf,"QA8 9RT",68
58,Shara,Chinn,2,Tricia,Kaiser,385,10,Ruskin,"NY2 9HH",34
64,Abby,Spilstead,2,Tricia,Kaiser,32,04,Bartelt,"TE7 4YR",68
64,Abby,Spilstead,2,Tricia,Kaiser,115,74,"Ridge Oak","SP6 9RK",95
64,Abby,Spilstead,2,Tricia,Kaiser,144,75,Independence,"HD5 0ZL",45
64,Abby,Spilstead,2,Tricia,Kaiser,173,43,Quincy,"YT3 2JE",39
64,Abby,Spilstead,2,Tricia,Kaiser,176,32,Kenwood,"OJ4 5KW",23
64,Abby,Spilstead,2,Tricia,Kaiser,297,83,"Park Meadow","DH1 2WT",27
64,Abby,Spilstead,2,Tricia,Kaiser,398,16,3rd,"HK9 7IF",21
67,Michail,Dymidowski,7,Tricia,Kaiser,120,42,Sunfield,"ZS9 2DA",95
67,Michail,Dymidowski,7,Tricia,Kaiser,260,36,Stoughton,"NA1 8IF",28
67,Michail,Dymidowski,7,Tricia,Kaiser,276,31,Ruskin,"XP3 0SR",39
67,Michail,Dymidowski,7,Tricia,Kaiser,324,34,Spaight,"IW5 0RF",69
67,Michail,Dymidowski,7,Tricia,Kaiser,356,46,Victoria,"AP8 6BZ",59
67,Michail,Dymidowski,7,Tricia,Kaiser,394,70,Commercial,"RX5 5SZ",9
77,Eloisa,Poupard,4,Tricia,Kaiser,69,96,"Village Green","UZ0 0UV",48
77,Eloisa,Poupard,4,Tricia,Kaiser,129,30,Northridge,"EG1 5KP",56
77,Eloisa,Poupard,4,Tricia,Kaiser,246,34,Susan,"EA3 1GQ",26
77,Eloisa,Poupard,4,Tricia,Kaiser,420,79,Hauk,"PT2 5YQ",20
83,Owen,McKew,2,Tricia,Kaiser,54,55,Iowa,"ZX1 2WY",10
83,Owen,McKew,2,Tricia,Kaiser,219,78,Waubesa,"CS4 1NU",73
83,Owen,McKew,2,Tricia,Kaiser,444,60,Morrow,"BG2 7CL",80
86,Claudian,Bruckenthal,5,Tricia,Kaiser,21,45,Canary,"DW8 4SK",99
86,Claudian,Bruckenthal,5,Tricia,Kaiser,281,96,Veith,"VR3 7GX",52
86,Claudian,Bruckenthal,5,Tricia,Kaiser,397,01,Utah,"GI4 7XL",91
86,Claudian,Bruckenthal,5,Tricia,Kaiser,477,14,International,"VW4 7JI",75
91,Ofelia,Dirkin,10,Tricia,Kaiser,211,76,"Pepper Wood","UV5 3BH",6
91,Ofelia,Dirkin,10,Tricia,Kaiser,437,36,Susan,"FT5 3YQ",47
99,Marius,Fenty,4,Tricia,Kaiser,34,81,Larry,"NY7 7WQ",99
99,Marius,Fenty,4,Tricia,Kaiser,105,46,Anniversary,"ZD8 5QR",83
99,Marius,Fenty,4,Tricia,Kaiser,135,24,Bobwhite,"JV9 5GP",79
99,Marius,Fenty,4,Tricia,Kaiser,279,49,Melby,"NG1 2JK",37
99,Marius,Fenty,4,Tricia,Kaiser,325,91,Mitchell,"AH0 1PF",54
99,Marius,Fenty,4,Tricia,Kaiser,340,06,Spohn,"YQ6 4GJ",22
1,Natassia,Phillpotts,3,Callean,McFaell,6,92,Manitowish,"ZD2 9IT",15
1,Natassia,Phillpotts,3,Callean,McFaell,112,30,"Buena Vista","UF9 9JK",52
1,Natassia,Phillpotts,3,Callean,McFaell,192,22,Steensland,"IX8 4SB",93
1,Natassia,Phillpotts,3,Callean,McFaell,357,11,Susan,"BL8 8TZ",30
1,Natassia,Phillpotts,3,Callean,McFaell,405,61,Grim,"TN0 0JH",21
1,Natassia,Phillpotts,3,Callean,McFaell,438,99,Jay,"SC0 5SF",9
13,Pennie,Crotty,9,Callean,McFaell,15,51,Anniversary,"GE7 5EE",64
13,Pennie,Crotty,9,Callean,McFaell,44,80,"Summer Ridge","VO5 7OC",65
13,Pennie,Crotty,9,Callean,McFaell,271,79,Erie,"GM7 1GG",69
13,Pennie,Crotty,9,Callean,McFaell,336,17,Ridgeview,"AN1 0IU",20
13,Pennie,Crotty,9,Callean,McFaell,355,66,"Stone Corner","XM2 2BN",65
19,Tanitansy,Alldridge,9,Callean,McFaell,5,91,Myrtle,"PC6 2UY",41
19,Tanitansy,Alldridge,9,Callean,McFaell,119,62,Carey,"AR5 2UQ",73
19,Tanitansy,Alldridge,9,Callean,McFaell,237,22,Rutledge,"WX8 0WL",42
19,Tanitansy,Alldridge,9,Callean,McFaell,299,13,David,"IY4 4RG",45
19,Tanitansy,Alldridge,9,Callean,McFaell,314,06,Shelley,"OS7 9VR",56
19,Tanitansy,Alldridge,9,Callean,McFaell,449,37,"American Ash","AY2 3BW",60
19,Tanitansy,Alldridge,9,Callean,McFaell,458,78,Farwell,"FE9 0QI",26
37,Hillyer,Switland,8,Callean,McFaell,90,33,Fordem,"UG8 6PG",99
37,Hillyer,Switland,8,Callean,McFaell,121,96,Florence,"LX0 7OO",92
37,Hillyer,Switland,8,Callean,McFaell,320,53,Ludington,"WX7 2AF",37
37,Hillyer,Switland,8,Callean,McFaell,330,99,Blackbird,"SA3 7ED",49
37,Hillyer,Switland,8,Callean,McFaell,367,93,Bonner,"HU8 6ZC",18
37,Hillyer,Switland,8,Callean,McFaell,490,76,Manufacturers,"VQ9 5IJ",23
44,Meir,MacAskill,10,Callean,McFaell,7,67,Melrose,"LP1 3CJ",86
44,Meir,MacAskill,10,Callean,McFaell,239,37,Eggendart,"PZ4 7ED",96
44,Meir,MacAskill,10,Callean,McFaell,383,94,Banding,"YD5 2JC",85
44,Meir,MacAskill,10,Callean,McFaell,406,10,Roth,"KK4 1RL",79
52,Ilysa,Challender,10,Callean,McFaell,170,47,Kingsford,"FB5 6SL",83
52,Ilysa,Challender,10,Callean,McFaell,230,38,Sugar,"QQ3 8IA",9
52,Ilysa,Challender,10,Callean,McFaell,416,03,Moose,"NG8 6WS",89
52,Ilysa,Challender,10,Callean,McFaell,472,49,Mesta,"UM7 3VO",97
62,Wait,Piel,4,Callean,McFaell,37,22,Artisan,"DA5 4AM",92
62,Wait,Piel,4,Callean,McFaell,267,18,Nelson,"YD3 4LM",42
62,Wait,Piel,4,Callean,McFaell,318,27,Shasta,"YR6 2GA",57
62,Wait,Piel,4,Callean,McFaell,377,54,Cody,"RB2 0OE",61
68,Zared,Obington,6,Callean,McFaell,35,64,Bluejay,"WF5 2EM",51
68,Zared,Obington,6,Callean,McFaell,61,77,Rieder,"XD6 3RJ",68
68,Zared,Obington,6,Callean,McFaell,327,86,Utah,"UI6 1MI",40
68,Zared,Obington,6,Callean,McFaell,389,03,Emmet,"JM0 0KN",92
68,Zared,Obington,6,Callean,McFaell,410,87,Sutherland,"SK5 2MI",55
68,Zared,Obington,6,Callean,McFaell,468,33,Stephen,"WN9 3JK",93
68,Zared,Obington,6,Callean,McFaell,479,08,Eastlawn,"BV2 8OU",41
79,Coleman,Maciejak,3,Callean,McFaell,18,11,Village,"TS2 2BV",48
79,Coleman,Maciejak,3,Callean,McFaell,156,76,Rowland,"DP0 2QQ",72
79,Coleman,Maciejak,3,Callean,McFaell,307,94,Gulseth,"LT2 7DC",98
81,Emmye,Watkins,8,Callean,McFaell,53,37,Stoughton,"DO1 0XF",85
81,Emmye,Watkins,8,Callean,McFaell,87,00,Springview,"HP2 2WU",58
81,Emmye,Watkins,8,Callean,McFaell,390,25,Menomonie,"KT4 6AH",20
94,Diego,Brabyn,5,Callean,McFaell,102,68,Emmet,"PX4 3ME",76
94,Diego,Brabyn,5,Callean,McFaell,171,68,"Lakewood Gardens","XZ4 2CP",18
94,Diego,Brabyn,5,Callean,McFaell,195,44,Laurel,"XJ7 0EX",35
94,Diego,Brabyn,5,Callean,McFaell,262,72,Farmco,"IX3 5GJ",31
94,Diego,Brabyn,5,Callean,McFaell,464,97,Barby,"PK6 3QY",58
4,Hagan,Goshawk,3,Nicolai,Maytum,3,52,Sunfield,"OH2 2VY",29
4,Hagan,Goshawk,3,Nicolai,Maytum,424,59,"Weeping Birch","JN2 7FP",14
4,Hagan,Goshawk,3,Nicolai,Maytum,481,77,Oneill,"IM2 0YB",24
16,Griffin,Endean,3,Nicolai,Maytum,148,44,Annamark,"WG0 7FH",43
16,Griffin,Endean,3,Nicolai,Maytum,163,15,Grover,"ZM0 7UN",9
16,Griffin,Endean,3,Nicolai,Maytum,209,46,"Crest Line","AR8 5QZ",51
16,Griffin,Endean,3,Nicolai,Maytum,278,15,Carpenter,"AS7 2RW",52
16,Griffin,Endean,3,Nicolai,Maytum,366,91,"Brickson Park","CE0 1TS",19
16,Griffin,Endean,3,Nicolai,Maytum,393,13,Memorial,"JT7 9WJ",18
16,Griffin,Endean,3,Nicolai,Maytum,486,26,Homewood,"DZ7 9UU",89
21,Sargent,Domini,7,Nicolai,Maytum,208,44,Fairview,"DV7 2ZI",78
21,Sargent,Domini,7,Nicolai,Maytum,304,95,"Old Gate","FD4 5VB",15
21,Sargent,Domini,7,Nicolai,Maytum,328,40,1st,"JL5 2SB",76
34,Leigha,Freezor,10,Nicolai,Maytum,180,76,"Meadow Valley","BM0 6ZP",10
34,Leigha,Freezor,10,Nicolai,Maytum,313,93,Caliangt,"KB4 5EV",72
34,Leigha,Freezor,10,Nicolai,Maytum,427,25,Elmside,"QM9 7WI",96
50,Ralina,Sewter,8,Nicolai,Maytum,127,68,Magdeline,"TF6 6PC",84
50,Ralina,Sewter,8,Nicolai,Maytum,160,95,Cordelia,"LF4 3AC",18
50,Ralina,Sewter,8,Nicolai,Maytum,287,55,Manitowish,"VO6 1TO",14
50,Ralina,Sewter,8,Nicolai,Maytum,315,54,David,"TR4 5YQ",45
50,Ralina,Sewter,8,Nicolai,Maytum,414,72,Ramsey,"BE8 8PC",54
51,Cristie,Neads,4,Nicolai,Maytum,74,02,Lakewood,"HU1 4JL",66
51,Cristie,Neads,4,Nicolai,Maytum,104,37,Calypso,"FP4 4MX",68
51,Cristie,Neads,4,Nicolai,Maytum,141,09,Glendale,"OI1 9WR",59
51,Cristie,Neads,4,Nicolai,Maytum,261,00,Sunbrook,"KV6 5DR",50
51,Cristie,Neads,4,Nicolai,Maytum,326,79,Becker,"NE4 9NB",27
57,Jerrine,Bice,1,Nicolai,Maytum,57,09,Harbort,"HK5 8MT",69
57,Jerrine,Bice,1,Nicolai,Maytum,189,13,Russell,"UW4 8WI",92
57,Jerrine,Bice,1,Nicolai,Maytum,222,62,Loeprich,"WL5 2IO",45
57,Jerrine,Bice,1,Nicolai,Maytum,231,03,Farwell,"MG2 8ZW",65
57,Jerrine,Bice,1,Nicolai,Maytum,351,62,Graceland,"DA7 7PK",66
57,Jerrine,Bice,1,Nicolai,Maytum,407,19,Magdeline,"RX5 4FH",68
57,Jerrine,Bice,1,Nicolai,Maytum,463,62,"Charing Cross","AZ3 1DL",72
72,Celie,Craxford,2,Nicolai,Maytum,82,44,Prairieview,"KQ9 1RE",21
72,Celie,Craxford,2,Nicolai,Maytum,255,99,"Oak Valley","RB9 1FG",29
72,Celie,Craxford,2,Nicolai,Maytum,322,51,Nevada,"SD5 1VO",77
90,Barbara,Cardinal,9,Nicolai,Maytum,10,31,Onsgard,"DV8 1UK",64
90,Barbara,Cardinal,9,Nicolai,Maytum,72,06,Sutteridge,"DW8 1RC",47
90,Barbara,Cardinal,9,Nicolai,Maytum,447,30,Logan,"ZT2 1MW",10
9,Gabriellia,Hinrichs,1,Lyn,Wogdon,39,70,Laurel,"LD2 2RI",65
9,Gabriellia,Hinrichs,1,Lyn,Wogdon,205,66,Macpherson,"CY5 3DT",53
9,Gabriellia,Hinrichs,1,Lyn,Wogdon,226,08,Merrick,"AP9 0DA",17
9,Gabriellia,Hinrichs,1,Lyn,Wogdon,362,59,Mandrake,"XI1 9PF",27
9,Gabriellia,Hinrichs,1,Lyn,Wogdon,402,78,Lindbergh,"OL6 0GV",94
9,Gabriellia,Hinrichs,1,Lyn,Wogdon,494,58,Mcbride,"SD6 4TM",64
17,Zeke,Paslow,4,Lyn,Wogdon,79,48,International,"NI4 8JN",19
17,Zeke,Paslow,4,Lyn,Wogdon,142,21,Muir,"HD6 1CO",50
17,Zeke,Paslow,4,Lyn,Wogdon,172,75,"Buena Vista","ZN1 3NU",37
17,Zeke,Paslow,4,Lyn,Wogdon,221,94,Manley,"KG3 3GT",39
28,Jamal,McCorkindale,8,Lyn,Wogdon,4,45,"Meadow Vale","IN6 4PP",13
28,Jamal,McCorkindale,8,Lyn,Wogdon,179,83,Springview,"UG0 4SZ",6
28,Jamal,McCorkindale,8,Lyn,Wogdon,443,49,1st,"KA2 5AI",29
35,Corrinne,Prium,5,Lyn,Wogdon,17,07,Lakewood,"KD7 6VQ",55
35,Corrinne,Prium,5,Lyn,Wogdon,41,27,Goodland,"DM6 6AN",71
35,Corrinne,Prium,5,Lyn,Wogdon,52,16,Coolidge,"KW6 6CZ",28
35,Corrinne,Prium,5,Lyn,Wogdon,100,50,Nobel,"GT9 7MX",44
35,Corrinne,Prium,5,Lyn,Wogdon,153,85,Lotheville,"LC7 6YV",15
35,Corrinne,Prium,5,Lyn,Wogdon,206,31,Talisman,"WZ1 5FV",53
35,Corrinne,Prium,5,Lyn,Wogdon,364,80,"Stone Corner","OZ4 6DF",56
35,Corrinne,Prium,5,Lyn,Wogdon,491,64,Fieldstone,"EB4 6KL",41
39,Eldridge,Lovejoy,5,Lyn,Wogdon,11,46,Bashford,"PT4 2FN",45
39,Eldridge,Lovejoy,5,Lyn,Wogdon,70,59,Nova,"XX7 3TD",7
39,Eldridge,Lovejoy,5,Lyn,Wogdon,98,59,Dennis,"VV2 8AD",18
39,Eldridge,Lovejoy,5,Lyn,Wogdon,111,04,Thompson,"AQ9 0BD",96
39,Eldridge,Lovejoy,5,Lyn,Wogdon,190,87,Towne,"UN0 4EY",8
39,Eldridge,Lovejoy,5,Lyn,Wogdon,370,20,"Saint Paul","EQ6 1EJ",31
39,Eldridge,Lovejoy,5,Lyn,Wogdon,412,16,Atwood,"JR5 7VZ",49
39,Eldridge,Lovejoy,5,Lyn,Wogdon,450,07,Porter,"VH9 9OU",17
39,Eldridge,Lovejoy,5,Lyn,Wogdon,484,75,Reindahl,"EC6 2LA",69
48,Katuscha,Suttle,7,Lyn,Wogdon,80,80,Leroy,"NQ0 9KL",41
48,Katuscha,Suttle,7,Lyn,Wogdon,184,35,Center,"BW0 7CS",39
48,Katuscha,Suttle,7,Lyn,Wogdon,249,18,Waywood,"JU2 0IT",49
48,Katuscha,Suttle,7,Lyn,Wogdon,457,43,Huxley,"MA4 4FF",58
54,Daven,Andrejevic,2,Lyn,Wogdon,20,60,Larry,"IS7 7TQ",84
54,Daven,Andrejevic,2,Lyn,Wogdon,117,39,Kedzie,"PL3 5OK",7
54,Daven,Andrejevic,2,Lyn,Wogdon,164,85,Fieldstone,"OY1 8OT",78
54,Daven,Andrejevic,2,Lyn,Wogdon,342,03,Schurz,"SF6 2DL",75
54,Daven,Andrejevic,2,Lyn,Wogdon,360,92,Evergreen,"KN2 5WV",14
54,Daven,Andrejevic,2,Lyn,Wogdon,421,74,Iowa,"TN6 4DT",58
60,Inesita,Herity,2,Lyn,Wogdon,58,07,Novick,"QE0 0JY",16
60,Inesita,Herity,2,Lyn,Wogdon,155,53,Gerald,"HC0 4QS",40
60,Inesita,Herity,2,Lyn,Wogdon,215,56,"Ridge Oak","NV4 1IF",56
60,Inesita,Herity,2,Lyn,Wogdon,240,63,Browning,"JM0 3LS",41
60,Inesita,Herity,2,Lyn,Wogdon,295,46,Granby,"WG6 0WT",59
60,Inesita,Herity,2,Lyn,Wogdon,345,05,Lillian,"KN0 6HI",88
60,Inesita,Herity,2,Lyn,Wogdon,417,51,Dovetail,"BK6 1VD",80
60,Inesita,Herity,2,Lyn,Wogdon,475,95,Roth,"PQ9 6RM",9
80,Davy,Crellim,5,Lyn,Wogdon,23,17,Columbus,"TL2 3TE",46
80,Davy,Crellim,5,Lyn,Wogdon,43,15,Glendale,"LU3 1DV",83
80,Davy,Crellim,5,Lyn,Wogdon,62,68,Moose,"DD8 8GS",6
80,Davy,Crellim,5,Lyn,Wogdon,124,84,Sherman,"ZD1 2WF",48
80,Davy,Crellim,5,Lyn,Wogdon,188,77,Washington,"IV8 6SJ",85
80,Davy,Crellim,5,Lyn,Wogdon,224,05,Sauthoff,"OE1 4OT",50
80,Davy,Crellim,5,Lyn,Wogdon,256,60,International,"AO9 8XF",34
89,Noland,Auden,6,Lyn,Wogdon,71,09,Tomscot,"GD7 1JO",12
89,Noland,Auden,6,Lyn,Wogdon,89,26,Loomis,"YC3 5VM",63
89,Noland,Auden,6,Lyn,Wogdon,126,54,Anderson,"OV7 4LP",11
89,Noland,Auden,6,Lyn,Wogdon,193,26,Kenwood,"AC3 9VW",18
89,Noland,Auden,6,Lyn,Wogdon,373,30,"Lake View","OM1 8HL",96
89,Noland,Auden,6,Lyn,Wogdon,395,67,"Pine View","EN8 6PK",20
89,Noland,Auden,6,Lyn,Wogdon,429,43,Prentice,"CK7 2FK",60
92,Angelika,Tomaszczyk,10,Lyn,Wogdon,51,82,"Mariners Cove","UF1 1UR",87
92,Angelika,Tomaszczyk,10,Lyn,Wogdon,165,95,Spaight,"UX4 6TX",74
92,Angelika,Tomaszczyk,10,Lyn,Wogdon,234,82,Upham,"HA5 2SJ",41
92,Angelika,Tomaszczyk,10,Lyn,Wogdon,316,55,Artisan,"UR7 6KS",89
98,Francine,Kliement,10,Lyn,Wogdon,158,44,Rusk,"ZC4 0CB",97
98,Francine,Kliement,10,Lyn,Wogdon,196,11,Kensington,"NO6 2FA",31
98,Francine,Kliement,10,Lyn,Wogdon,207,53,Luster,"WO6 7PK",64
98,Francine,Kliement,10,Lyn,Wogdon,228,50,Miller,"IN2 7AR",79
98,Francine,Kliement,10,Lyn,Wogdon,285,67,Sunfield,"QV1 6IA",22
98,Francine,Kliement,10,Lyn,Wogdon,339,00,Warbler,"XR7 9CN",95
2,Ivar,Abbis,7,Massimiliano,Woolvett,159,29,Northfield,"WZ8 9KQ",81
2,Ivar,Abbis,7,Massimiliano,Woolvett,203,80,Mandrake,"QX2 5WE",34
2,Ivar,Abbis,7,Massimiliano,Woolvett,264,07,Dryden,"JP5 1ON",64
2,Ivar,Abbis,7,Massimiliano,Woolvett,309,20,Lotheville,"OP2 2VD",47
2,Ivar,Abbis,7,Massimiliano,Woolvett,478,75,Londonderry,"GP8 1TL",33
10,Sibyl,Louisot,9,Massimiliano,Woolvett,38,98,Bartillon,"CF0 1XN",81
10,Sibyl,Louisot,9,Massimiliano,Woolvett,122,96,Kipling,"CE1 6UH",28
10,Sibyl,Louisot,9,Massimiliano,Woolvett,335,72,"Lighthouse Bay","JE7 8JQ",44
10,Sibyl,Louisot,9,Massimiliano,Woolvett,473,60,Main,"BQ7 3HI",41
10,Sibyl,Louisot,9,Massimiliano,Woolvett,485,72,Dapin,"NN3 1BD",68
11,Shanie,Sybry,1,Massimiliano,Woolvett,106,21,Melvin,"OW9 1MT",90
11,Shanie,Sybry,1,Massimiliano,Woolvett,201,38,Ridgeview,"DC0 9PM",84
11,Shanie,Sybry,1,Massimiliano,Woolvett,232,26,Lunder,"UM7 1DN",11
23,Sibeal,Lensch,8,Massimiliano,Woolvett,29,85,"Crest Line","VI4 1SE",74
23,Sibeal,Lensch,8,Massimiliano,Woolvett,86,39,Quincy,"LV2 2IP",13
23,Sibeal,Lensch,8,Massimiliano,Woolvett,151,08,Southridge,"DC4 0RZ",83
23,Sibeal,Lensch,8,Massimiliano,Woolvett,277,35,Spohn,"XG9 7ZJ",15
23,Sibeal,Lensch,8,Massimiliano,Woolvett,401,55,Pawling,"TR1 1SY",18
23,Sibeal,Lensch,8,Massimiliano,Woolvett,455,38,Mayfield,"GV1 0YR",62
27,Olga,Wallen,5,Massimiliano,Woolvett,36,38,Grasskamp,"AE5 1LR",16
27,Olga,Wallen,5,Massimiliano,Woolvett,451,84,School,"XP4 8PD",73
27,Olga,Wallen,5,Massimiliano,Woolvett,493,53,Esker,"DG9 6TU",51
49,Aimil,Lidgard,5,Massimiliano,Woolvett,131,50,Logan,"KK8 4PN",51
49,Aimil,Lidgard,5,Massimiliano,Woolvett,212,56,Tomscot,"MZ0 0CX",92
49,Aimil,Lidgard,5,Massimiliano,Woolvett,368,24,Cascade,"WM4 4DW",80
49,Aimil,Lidgard,5,Massimiliano,Woolvett,413,71,Rusk,"OK7 3JO",41
49,Aimil,Lidgard,5,Massimiliano,Woolvett,431,09,"Summer Ridge","JW1 4GY",14
53,Lorie,Lorincz,3,Massimiliano,Woolvett,25,21,Kedzie,"RR2 0HO",96
53,Lorie,Lorincz,3,Massimiliano,Woolvett,220,23,Derek,"WL7 2MA",87
53,Lorie,Lorincz,3,Massimiliano,Woolvett,301,81,Russell,"XT0 3XR",50
53,Lorie,Lorincz,3,Massimiliano,Woolvett,363,69,Pankratz,"ZS8 2WU",49
53,Lorie,Lorincz,3,Massimiliano,Woolvett,461,44,Helena,"XN1 3RL",11
53,Lorie,Lorincz,3,Massimiliano,Woolvett,489,30,Ohio,"DM0 4TE",91
56,Dore,Varty,6,Massimiliano,Woolvett,109,58,"Clyde Gallagher","XF2 0EL",30
56,Dore,Varty,6,Massimiliano,Woolvett,149,45,Homewood,"YX6 9VY",89
56,Dore,Varty,6,Massimiliano,Woolvett,175,07,Anhalt,"LP3 6SQ",23
56,Dore,Varty,6,Massimiliano,Woolvett,300,68,"Green Ridge","BM0 9SD",70
56,Dore,Varty,6,Massimiliano,Woolvett,311,97,Blaine,"NH6 4GO",81
56,Dore,Varty,6,Massimiliano,Woolvett,359,07,Cody,"RI3 4KB",51
69,Axe,Syrie,8,Massimiliano,Woolvett,19,87,Tennessee,"CP9 2OS",50
69,Axe,Syrie,8,Massimiliano,Woolvett,50,86,Coolidge,"AV2 6JC",62
69,Axe,Syrie,8,Massimiliano,Woolvett,83,07,Dayton,"AT1 1SJ",27
69,Axe,Syrie,8,Massimiliano,Woolvett,283,42,"Pepper Wood","NK9 7ZE",16
69,Axe,Syrie,8,Massimiliano,Woolvett,349,42,"High Crossing","WW7 0QR",72
69,Axe,Syrie,8,Massimiliano,Woolvett,387,17,Independence,"MB7 7CF",54
69,Axe,Syrie,8,Massimiliano,Woolvett,403,15,Cordelia,"RI9 2HN",45
69,Axe,Syrie,8,Massimiliano,Woolvett,430,27,"Crescent Oaks","UO8 8LY",55
88,Vivian,Gravet,6,Massimiliano,Woolvett,101,43,Melrose,"TJ5 7FB",71
88,Vivian,Gravet,6,Massimiliano,Woolvett,217,18,"Crest Line","PT4 5QD",15
88,Vivian,Gravet,6,Massimiliano,Woolvett,251,63,Lerdahl,"UB3 7HK",58
88,Vivian,Gravet,6,Massimiliano,Woolvett,296,26,Milwaukee,"YX7 5DT",34
88,Vivian,Gravet,6,Massimiliano,Woolvett,358,64,Rowland,"YV0 3BM",22
97,Danica,Holtham,5,Massimiliano,Woolvett,93,85,Mallory,"MC8 9YS",40
97,Danica,Holtham,5,Massimiliano,Woolvett,161,25,Grasskamp,"AB2 5IH",48
97,Danica,Holtham,5,Massimiliano,Woolvett,343,56,Anhalt,"FI4 7RC",40
97,Danica,Holtham,5,Massimiliano,Woolvett,400,23,Florence,"HI0 9VL",55
97,Danica,Holtham,5,Massimiliano,Woolvett,445,04,Tomscot,"HR0 6PL",73
97,Danica,Holtham,5,Massimiliano,Woolvett,466,87,Eliot,"AC2 2NT",46
15,Dru,Matson,3,Fidelia,Burehill,75,67,Scofield,"NI9 4UR",48
15,Dru,Matson,3,Fidelia,Burehill,114,42,Messerschmidt,"KW5 8HF",66
15,Dru,Matson,3,Fidelia,Burehill,128,22,Union,"ZR3 2IQ",65
15,Dru,Matson,3,Fidelia,Burehill,253,87,Barnett,"OO2 3SB",90
15,Dru,Matson,3,Fidelia,Burehill,288,01,6th,"LJ3 5JS",38
15,Dru,Matson,3,Fidelia,Burehill,348,72,4th,"FJ3 7UY",65
15,Dru,Matson,3,Fidelia,Burehill,411,76,Fuller,"AI9 4UF",44
25,Lynett,Perillio,1,Fidelia,Burehill,97,12,Jenifer,"GR7 9XR",82
25,Lynett,Perillio,1,Fidelia,Burehill,130,92,Banding,"PM1 7KH",48
25,Lynett,Perillio,1,Fidelia,Burehill,174,66,Monument,"AY5 7EO",88
25,Lynett,Perillio,1,Fidelia,Burehill,247,32,Fallview,"OU4 8VT",15
25,Lynett,Perillio,1,Fidelia,Burehill,432,27,Bay,"XE3 9PI",53
25,Lynett,Perillio,1,Fidelia,Burehill,499,31,Fordem,"WV5 1RJ",42
40,Gunther,Juliano,3,Fidelia,Burehill,28,90,Mayfield,"IK6 8CU",81
40,Gunther,Juliano,3,Fidelia,Burehill,154,44,Alpine,"XA1 5UF",96
40,Gunther,Juliano,3,Fidelia,Burehill,177,65,Eastwood,"TI0 5TN",8
40,Gunther,Juliano,3,Fidelia,Burehill,223,65,Division,"DD4 7RY",78
40,Gunther,Juliano,3,Fidelia,Burehill,365,16,Montana,"KO9 1NB",45
40,Gunther,Juliano,3,Fidelia,Burehill,492,75,Summerview,"ED4 4MZ",37
42,Tucker,Turfs,5,Fidelia,Burehill,85,34,Mandrake,"UJ7 7KK",9
47,Idette,Bartholin,4,Fidelia,Burehill,92,31,Merry,"HB7 1DS",23
47,Idette,Bartholin,4,Fidelia,Burehill,317,54,Anderson,"VM8 9CN",6
47,Idette,Bartholin,4,Fidelia,Burehill,480,57,Veith,"YT5 4GE",8
65,Farley,Tindle,3,Fidelia,Burehill,31,06,Coolidge,"IB9 8EQ",96
65,Farley,Tindle,3,Fidelia,Burehill,125,90,Arkansas,"GP6 8ZP",37
65,Farley,Tindle,3,Fidelia,Burehill,275,39,Northview,"US6 0OH",69
70,Patti,Elland,6,Fidelia,Burehill,42,39,Texas,"WJ7 0LS",53
70,Patti,Elland,6,Fidelia,Burehill,73,82,Onsgard,"TL9 7YZ",66
70,Patti,Elland,6,Fidelia,Burehill,272,70,Sloan,"VO7 2MX",59
70,Patti,Elland,6,Fidelia,Burehill,292,35,Orin,"PZ2 0KB",90
70,Patti,Elland,6,Fidelia,Burehill,319,13,Cherokee,"CQ2 3RD",55
70,Patti,Elland,6,Fidelia,Burehill,465,81,David,"BE1 1AK",8
74,Timothee,Danielou,7,Fidelia,Burehill,133,35,Emmet,"FB0 3WG",40
74,Timothee,Danielou,7,Fidelia,Burehill,229,86,Nevada,"GT2 4OA",45
74,Timothee,Danielou,7,Fidelia,Burehill,378,57,Kropf,"UQ7 7QY",97
74,Timothee,Danielou,7,Fidelia,Burehill,404,74,Colorado,"DV3 9UZ",100
74,Timothee,Danielou,7,Fidelia,Burehill,442,76,Mallory,"ZX2 9LS",12
87,Nicholas,Ivasechko,2,Fidelia,Burehill,46,69,"Forest Run","XE7 5VM",72
87,Nicholas,Ivasechko,2,Fidelia,Burehill,140,28,Sunbrook,"FM5 6DO",100
87,Nicholas,Ivasechko,2,Fidelia,Burehill,242,98,Crownhardt,"EP9 7SA",77
87,Nicholas,Ivasechko,2,Fidelia,Burehill,252,97,Ramsey,"PY6 7GH",15
87,Nicholas,Ivasechko,2,Fidelia,Burehill,284,09,Bellgrove,"QJ1 4YU",28
87,Nicholas,Ivasechko,2,Fidelia,Burehill,344,57,Waubesa,"TX6 2VF",22
87,Nicholas,Ivasechko,2,Fidelia,Burehill,374,69,Laurel,"ZO4 8BV",38
87,Nicholas,Ivasechko,2,Fidelia,Burehill,462,83,Onsgard,"IQ9 4MT",91
95,Jone,Floodgate,1,Fidelia,Burehill,152,65,Esch,"TX2 3KW",40
95,Jone,Floodgate,1,Fidelia,Burehill,238,56,Manley,"XI9 6CJ",47
95,Jone,Floodgate,1,Fidelia,Burehill,302,64,Montana,"ZQ7 0VR",65
95,Jone,Floodgate,1,Fidelia,Burehill,354,85,Independence,"WG4 2DB",35
95,Jone,Floodgate,1,Fidelia,Burehill,495,65,Karstens,"JV0 2FL",28
96,Holly,Walklott,1,Fidelia,Burehill,293,46,"Golf View","BD9 0RX",14
96,Holly,Walklott,1,Fidelia,Burehill,308,38,Pankratz,"QS2 9KX",90
3,Amie,McArte,8,Reta,Cullen,12,99,Oakridge,"AI7 2SJ",81
3,Amie,McArte,8,Reta,Cullen,47,82,American,"RJ3 9LW",100
8,Veda,Hasnip,1,Reta,Cullen,187,59,Paget,"RZ5 2JP",52
8,Veda,Hasnip,1,Reta,Cullen,216,81,3rd,"TW6 2WQ",31
8,Veda,Hasnip,1,Reta,Cullen,236,05,Ridgeway,"EA6 9WQ",51
8,Veda,Hasnip,1,Reta,Cullen,291,96,Cottonwood,"TP6 4OQ",49
8,Veda,Hasnip,1,Reta,Cullen,347,95,Veith,"OY7 1FU",85
12,Harbert,Haveline,9,Reta,Cullen,235,80,Forest,"VO4 4PI",34
12,Harbert,Haveline,9,Reta,Cullen,312,34,Corscot,"GY2 7KE",71
12,Harbert,Haveline,9,Reta,Cullen,379,64,Sloan,"OH1 9AN",39
12,Harbert,Haveline,9,Reta,Cullen,436,17,Upham,"AK9 6MV",21
22,Hastie,Ledrane,10,Reta,Cullen,274,25,"Meadow Vale","JU0 6YX",44
45,Myrtice,Fozzard,1,Reta,Cullen,33,55,Grover,"GH6 9QC",35
45,Myrtice,Fozzard,1,Reta,Cullen,269,61,"Golden Leaf","BG5 8KM",57
45,Myrtice,Fozzard,1,Reta,Cullen,334,71,Cascade,"HH4 2OW",46
45,Myrtice,Fozzard,1,Reta,Cullen,380,23,"Green Ridge","RO0 8YD",88
45,Myrtice,Fozzard,1,Reta,Cullen,428,92,Sachs,"CZ1 5CZ",7
45,Myrtice,Fozzard,1,Reta,Cullen,467,78,Jenna,"WZ0 2SL",50
45,Myrtice,Fozzard,1,Reta,Cullen,500,81,Lawn,"NH4 2IN",44
61,Lazare,Kennedy,4,Reta,Cullen,497,86,Derek,"YX3 6WQ",85
78,Nev,McCotter,1,Reta,Cullen,181,39,Mayer,"DA9 6CX",90
78,Nev,McCotter,1,Reta,Cullen,323,46,Pawling,"US6 0VK",96
78,Nev,McCotter,1,Reta,Cullen,391,57,Summit,"QG8 4KA",14
78,Nev,McCotter,1,Reta,Cullen,446,55,"Charing Cross","RY7 7VJ",43
85,Della,Maine,1,Reta,Cullen,68,52,Pawling,"LB8 8YR",44
85,Della,Maine,1,Reta,Cullen,113,67,Warbler,"WN2 7CQ",67
85,Della,Maine,1,Reta,Cullen,225,92,Shelley,"OG3 0LE",26
85,Della,Maine,1,Reta,Cullen,289,75,Crowley,"TB8 3RD",35
85,Della,Maine,1,Reta,Cullen,371,57,Algoma,"IG7 5EQ",14
85,Della,Maine,1,Reta,Cullen,435,30,Surrey,"CR1 8ZZ",55
85,Della,Maine,1,Reta,Cullen,470,04,Transport,"OT1 7RE",85
