vehicle_type,parking_fee
Mini-vans,88
SUV,88
Saloon,45
Saloon,45
Tricycle,29
SUV,29
Saloon,29
Mini-vans,13
Saloon,41
Saloon,15
SUV,15
Mini-vans,86
Mini-vans,86
Saloon,86
Saloon,95
SUV,95
SUV,56
Tricycle,64
Tricycle,64
Saloon,64
Tricycle,45
Tricycle,45
Tricycle,45
Tricycle,81
Mini-vans,81
Tricycle,90
Tricycle,90
Saloon,59
Saloon,59
Tricycle,59
SUV,64
Mini-vans,20
Tricycle,20
Mini-vans,20
Mini-vans,55
Saloon,55
SUV,55
Mini-vans,48
SUV,48
Saloon,48
Mini-vans,50
Saloon,50
Mini-vans,84
Tricycle,84
Saloon,84
Saloon,99
Saloon,61
Mini-vans,61
Saloon,61
SUV,46
Tricycle,46
Saloon,46
Saloon,46
SUV,45
Mini-vans,45
Mini-vans,45
SUV,96
Tricycle,56
Mini-vans,56
Saloon,45
Saloon,45
Mini-vans,74
Mini-vans,74
Saloon,13
Mini-vans,96
Tricycle,96
Tricycle,68
Tricycle,68
Saloon,68
Tricycle,35
Mini-vans,35
SUV,99
SUV,51
SUV,51
Mini-vans,16
Tricycle,16
Mini-vans,92
Mini-vans,92
Saloon,81
SUV,81
Mini-vans,65
Tricycle,65
Mini-vans,65
SUV,27
Saloon,27
Saloon,71
Mini-vans,53
Tricycle,53
Mini-vans,83
Saloon,83
Mini-vans,83
Tricycle,25
Tricycle,25
Tricycle,72
Tricycle,72
SUV,100
SUV,100
Mini-vans,100
SUV,100
Tricycle,91
Saloon,91
Saloon,84
Saloon,84
Mini-vans,62
Mini-vans,87
Saloon,28
Saloon,85
Mini-vans,85
Saloon,33
Mini-vans,19
Mini-vans,19
Mini-vans,69
SUV,16
Mini-vans,16
Tricycle,16
Saloon,14
Saloon,14
Mini-vans,14
Tricycle,61
Saloon,61
SUV,68
Tricycle,68
Saloon,72
Saloon,72
Mini-vans,76
Mini-vans,79
Mini-vans,79
Saloon,23
SUV,23
Tricycle,23
Mini-vans,95
Mini-vans,95
Saloon,44
Saloon,44
Tricycle,48
Tricycle,48
SUV,48
Tricycle,12
Mini-vans,12
Mini-vans,47
Tricycle,47
Mini-vans,66
SUV,66
Tricycle,66
SUV,66
SUV,66
SUV,48
SUV,48
Mini-vans,68
Mini-vans,68
Tricycle,68
Mini-vans,49
Tricycle,49
SUV,49
Saloon,81
Tricycle,81
SUV,19
SUV,19
Tricycle,41
Mini-vans,41
SUV,73
Saloon,73
Tricycle,21
SUV,27
Tricycle,27
Mini-vans,32
SUV,32
Saloon,13
SUV,13
Mini-vans,58
SUV,58
Saloon,96
Tricycle,96
Tricycle,96
SUV,96
Tricycle,63
Saloon,99
SUV,99
Tricycle,20
Saloon,20
Tricycle,23
SUV,23
SUV,40
SUV,85
SUV,85
SUV,82
Saloon,82
Tricycle,18
Mini-vans,68
Tricycle,68
Mini-vans,44
Saloon,71
SUV,76
Mini-vans,59
Saloon,59
Mini-vans,68
SUV,83
Mini-vans,83
Saloon,90
Tricycle,90
Mini-vans,98
Mini-vans,78
SUV,78
SUV,78
Saloon,30
SUV,30
Tricycle,95
Mini-vans,95
SUV,96
SUV,96
Mini-vans,52
Saloon,52
Tricycle,52
SUV,67
SUV,67
SUV,67
Tricycle,67
Tricycle,66
Saloon,66
Saloon,60
SUV,60
Tricycle,11
Mini-vans,11
Mini-vans,73
Tricycle,73
Saloon,95
Saloon,95
Saloon,95
SUV,92
Saloon,92
Mini-vans,92
SUV,28
Tricycle,28
SUV,29
SUV,29
SUV,48
Saloon,48
Tricycle,48
Tricycle,37
Mini-vans,37
Mini-vans,11
SUV,11
Saloon,84
Tricycle,84
SUV,84
SUV,84
Tricycle,65
Mini-vans,65
Mini-vans,56
Saloon,48
Mini-vans,51
Tricycle,51
Tricycle,29
Saloon,40
SUV,40
Tricycle,40
Tricycle,62
Mini-vans,62
Tricycle,79
SUV,79
Mini-vans,64
Mini-vans,64
Tricycle,68
SUV,27
SUV,27
Tricycle,93
SUV,93
Saloon,100
Tricycle,100
Saloon,59
Tricycle,50
Saloon,50
SUV,79
Saloon,79
Tricycle,45
Tricycle,45
Saloon,73
Saloon,73
Tricycle,20
Tricycle,20
Mini-vans,19
Saloon,19
Mini-vans,43
Tricycle,43
Saloon,89
Saloon,85
Tricycle,85
Saloon,83
SUV,83
Mini-vans,83
Saloon,40
SUV,40
SUV,40
Tricycle,15
Tricycle,15
Tricycle,15
SUV,96
SUV,40
SUV,40
Mini-vans,40
Saloon,72
Tricycle,72
Tricycle,88
Saloon,97
Tricycle,81
Tricycle,18
Saloon,18
Saloon,48
Mini-vans,48
Tricycle,48
SUV,84
Mini-vans,78
Mini-vans,78
Saloon,74
SUV,74
Tricycle,74
Saloon,51
Tricycle,51
Saloon,97
Mini-vans,97
Saloon,97
Mini-vans,25
SUV,25
SUV,16
SUV,16
Tricycle,83
SUV,83
Tricycle,83
Saloon,18
Tricycle,18
Mini-vans,18
Mini-vans,37
Tricycle,37
Saloon,39
SUV,39
Mini-vans,39
SUV,88
Tricycle,23
SUV,23
Mini-vans,23
Saloon,23
Mini-vans,58
Saloon,90
Saloon,90
Mini-vans,90
Tricycle,47
Saloon,47
Tricycle,47
Tricycle,39
Mini-vans,39
Tricycle,20
Saloon,20
Saloon,20
SUV,18
Saloon,52
Mini-vans,52
Saloon,52
Mini-vans,85
Mini-vans,92
Saloon,61
Tricycle,61
Tricycle,61
Saloon,93
Tricycle,93
SUV,93
Tricycle,18
Tricycle,18
Tricycle,43
SUV,43
Tricycle,43
Mini-vans,35
Tricycle,35
Tricycle,31
Tricycle,31
SUV,60
Saloon,60
SUV,14
SUV,14
Saloon,73
Tricycle,73
SUV,73
Mini-vans,68
SUV,84
Mini-vans,84
Saloon,84
Tricycle,39
Tricycle,39
Tricycle,34
SUV,34
Saloon,34
Tricycle,95
Mini-vans,53
Mini-vans,53
Mini-vans,53
Mini-vans,53
Mini-vans,53
Tricycle,53
Saloon,64
Saloon,51
Saloon,51
Saloon,15
Mini-vans,92
SUV,92
SUV,83
Mini-vans,69
SUV,69
SUV,69
SUV,56
Saloon,56
Saloon,31
Saloon,31
SUV,15
Mini-vans,15
Saloon,99
Tricycle,73
Saloon,73
SUV,87
Saloon,87
SUV,39
SUV,45
Saloon,78
SUV,50
SUV,50
Saloon,26
SUV,26
Tricycle,17
SUV,17
Tricycle,36
SUV,79
Mini-vans,79
Mini-vans,79
Saloon,45
SUV,45
Tricycle,65
Mini-vans,65
Saloon,11
Saloon,11
Saloon,11
Tricycle,30
SUV,30
Mini-vans,41
Tricycle,41
Tricycle,34
Mini-vans,34
SUV,42
Mini-vans,42
Saloon,42
Mini-vans,47
Tricycle,47
Mini-vans,47
Mini-vans,96
Mini-vans,96
Saloon,41
SUV,41
SUV,41
Mini-vans,41
Tricycle,91
Tricycle,91
Mini-vans,91
Tricycle,77
SUV,77
Tricycle,77
SUV,28
Mini-vans,28
Saloon,28
Mini-vans,25
SUV,63
SUV,63
Mini-vans,26
Mini-vans,26
Mini-vans,15
Mini-vans,85
Saloon,49
Saloon,58
Mini-vans,15
Mini-vans,15
SUV,90
SUV,97
Saloon,97
SUV,29
SUV,34
Saloon,34
SUV,80
Saloon,78
Tricycle,78
Tricycle,78
Mini-vans,87
Saloon,87
Saloon,28
Tricycle,28
Tricycle,28
Tricycle,50
Saloon,50
Saloon,50
Tricycle,31
Tricycle,31
SUV,31
SUV,60
Saloon,57
SUV,57
Mini-vans,82
SUV,82
Tricycle,42
SUV,42
Mini-vans,21
Mini-vans,21
SUV,57
Tricycle,57
SUV,93
Mini-vans,93
Tricycle,69
Saloon,59
Tricycle,17
SUV,17
SUV,17
Tricycle,44
SUV,44
Tricycle,69
SUV,69
Mini-vans,69
Mini-vans,39
Saloon,39
Mini-vans,15
Saloon,15
Saloon,15
Saloon,52
Saloon,52
SUV,37
Tricycle,37
Tricycle,38
SUV,52
Tricycle,52
Tricycle,52
SUV,82
Mini-vans,82
Saloon,16
SUV,16
SUV,28
SUV,28
SUV,28
Mini-vans,22
Tricycle,22
Mini-vans,14
Mini-vans,14
Saloon,38
Saloon,38
SUV,38
Tricycle,35
Tricycle,35
SUV,92
SUV,49
Mini-vans,49
Mini-vans,90
Mini-vans,90
Mini-vans,90
Saloon,14
Tricycle,14
SUV,14
Tricycle,78
SUV,78
Saloon,78
Tricycle,59
Tricycle,59
Tricycle,59
Tricycle,34
SUV,34
Mini-vans,27
SUV,27
SUV,27
Saloon,70
Saloon,70
Saloon,70
Mini-vans,50
Mini-vans,50
Mini-vans,65
Tricycle,65
Mini-vans,15
Tricycle,15
SUV,15
Saloon,43
Saloon,43
Saloon,98
Saloon,98
Tricycle,90
Mini-vans,90
Saloon,47
Tricycle,47
Saloon,48
Tricycle,48
Tricycle,81
Tricycle,81
Tricycle,71
SUV,71
SUV,72
SUV,72
Tricycle,72
Saloon,56
Saloon,45
SUV,89
Mini-vans,89
Tricycle,89
Tricycle,57
Tricycle,57
Tricycle,55
Saloon,55
Saloon,37
Saloon,37
SUV,45
Saloon,45
Mini-vans,77
Mini-vans,77
Mini-vans,96
Tricycle,69
Mini-vans,69
SUV,54
Mini-vans,54
Saloon,27
Saloon,27
Tricycle,40
Saloon,40
Tricycle,76
Saloon,70
Saloon,70
Mini-vans,49
SUV,49
SUV,64
Tricycle,64
Mini-vans,64
Saloon,64
Tricycle,70
Tricycle,70
SUV,73
SUV,73
Mini-vans,73
Mini-vans,46
Tricycle,46
Tricycle,46
Mini-vans,44
Mini-vans,44
Mini-vans,44
Saloon,20
Tricycle,73
Tricycle,73
Mini-vans,73
Mini-vans,58
SUV,58
SUV,95
Mini-vans,95
Saloon,22
Mini-vans,22
SUV,27
Mini-vans,27
Saloon,75
SUV,75
SUV,40
Saloon,22
Tricycle,88
Mini-vans,88
Mini-vans,43
SUV,85
Mini-vans,85
Saloon,85
Mini-vans,65
SUV,30
Saloon,30
Saloon,30
Tricycle,66
SUV,51
Saloon,51
Tricycle,65
Saloon,35
Mini-vans,35
Mini-vans,65
Mini-vans,65
Tricycle,65
SUV,59
Tricycle,59
Saloon,59
Tricycle,30
Tricycle,22
Mini-vans,14
SUV,27
Mini-vans,27
SUV,49
Tricycle,49
Mini-vans,49
Saloon,56
Saloon,56
Saloon,45
Saloon,45
Saloon,19
SUV,19
Mini-vans,19
Saloon,18
Saloon,18
Mini-vans,18
Tricycle,80
Tricycle,20
Saloon,20
Mini-vans,31
Saloon,31
Tricycle,14
SUV,14
Tricycle,14
Tricycle,53
Mini-vans,53
SUV,53
Tricycle,96
Saloon,96
SUV,96
Saloon,38
Mini-vans,38
Tricycle,31
SUV,31
Mini-vans,31
SUV,61
Mini-vans,61
Tricycle,97
Tricycle,97
Mini-vans,97
Tricycle,39
Saloon,39
Saloon,88
Mini-vans,43
SUV,43
Saloon,61
Saloon,61
Tricycle,85
SUV,85
SUV,85
Saloon,61
Saloon,34
Saloon,34
Mini-vans,57
Tricycle,57
Saloon,57
Mini-vans,54
Saloon,54
Tricycle,54
Saloon,25
Saloon,92
Mini-vans,92
SUV,20
Mini-vans,20
Mini-vans,20
Tricycle,14
Mini-vans,14
Tricycle,18
SUV,18
Saloon,20
Saloon,20
Saloon,20
Mini-vans,77
SUV,91
Mini-vans,91
SUV,91
SUV,21
SUV,21
Tricycle,15
Saloon,55
Mini-vans,55
SUV,18
Saloon,18
Saloon,18
Mini-vans,45
Mini-vans,45
Mini-vans,100
Tricycle,100
SUV,21
Mini-vans,21
Tricycle,21
Mini-vans,79
Saloon,79
Saloon,68
Saloon,68
Tricycle,31
Mini-vans,31
SUV,31
Saloon,89
Tricycle,89
SUV,89
Mini-vans,55
SUV,55
SUV,44
Saloon,44
Tricycle,49
Mini-vans,41
Saloon,54
Saloon,54
Saloon,25
Saloon,25
Tricycle,89
Mini-vans,89
Mini-vans,89
Mini-vans,80
Tricycle,80
Saloon,80
SUV,47
Tricycle,47
Saloon,11
Mini-vans,11
Mini-vans,11
Mini-vans,20
Saloon,20
Saloon,20
Saloon,58
Tricycle,58
Saloon,30
Tricycle,30
Mini-vans,30
Saloon,49
SUV,49
Tricycle,14
Mini-vans,14
SUV,40
Tricycle,40
Tricycle,40
Tricycle,62
Tricycle,62
Tricycle,62
SUV,96
Tricycle,96
Tricycle,60
SUV,60
Mini-vans,55
Saloon,55
Mini-vans,14
Mini-vans,53
Tricycle,37
Mini-vans,37
SUV,20
SUV,20
Saloon,55
Mini-vans,55
Saloon,55
Mini-vans,21
Tricycle,21
Tricycle,47
Saloon,47
Saloon,45
SUV,21
Saloon,21
Mini-vans,55
SUV,55
SUV,55
Tricycle,12
Tricycle,80
Saloon,80
Mini-vans,80
SUV,73
SUV,43
SUV,43
Tricycle,43
Mini-vans,96
Mini-vans,96
SUV,60
Tricycle,60
SUV,60
Tricycle,17
Saloon,17
Tricycle,73
Saloon,73
SUV,57
Mini-vans,57
SUV,57
SUV,62
Mini-vans,62
Saloon,58
SUV,58
SUV,26
SUV,26
SUV,65
Mini-vans,65
Saloon,65
SUV,59
Saloon,59
Saloon,11
Tricycle,11
Saloon,91
Mini-vans,91
Mini-vans,91
Mini-vans,72
Tricycle,58
Tricycle,58
SUV,46
Tricycle,46
Tricycle,46
Tricycle,50
Mini-vans,93
SUV,93
SUV,42
SUV,42
Tricycle,42
Tricycle,85
Mini-vans,85
SUV,23
SUV,97
Mini-vans,97
Tricycle,97
Saloon,41
Mini-vans,41
Saloon,21
Mini-vans,21
Tricycle,79
Tricycle,79
Saloon,79
SUV,75
Saloon,75
SUV,33
SUV,33
Mini-vans,33
Mini-vans,41
Tricycle,24
Tricycle,24
SUV,24
Saloon,28
SUV,28
Tricycle,28
Mini-vans,69
Saloon,69
Tricycle,69
SUV,68
SUV,68
Saloon,68
Tricycle,89
SUV,60
Mini-vans,60
Saloon,55
SUV,55
Saloon,91
Saloon,91
SUV,23
Mini-vans,23
Saloon,37
Mini-vans,51
SUV,51
Tricycle,51
SUV,51
Mini-vans,64
Tricycle,23
Mini-vans,23
Tricycle,85
Saloon,15
SUV,15
SUV,42
Saloon,44
SUV,44
Saloon,44
