vehicle_type,hours_used
SUV,10.38
SUV,13.83
SUV,13.18
SUV,1.88
SUV,8.42
SUV,7.58
SUV,15.95
SUV,12.95
SUV,9.68
SUV,15.95
SUV,20.10
SUV,19.73
SUV,9.33
SUV,16.30
SUV,6.70
SUV,13.47
SUV,11.60
SUV,11.70
SUV,5.17
SUV,12.25
SUV,15.83
SUV,10.78
SUV,11.27
SUV,12.93
SUV,13.23
SUV,8.38
SUV,8.25
SUV,13.23
SUV,17.03
SUV,10.40
SUV,8.00
SUV,1.65
SUV,8.38
SUV,11.88
SUV,13.22
SUV,11.85
SUV,15.80
SUV,16.80
SUV,8.22
SUV,13.37
SUV,18.13
SUV,14.08
SUV,8.63
SUV,11.28
SUV,18.05
SUV,14.03
SUV,18.98
SUV,14.30
SUV,16.13
SUV,5.47
SUV,4.08
SUV,12.72
SUV,10.02
SUV,16.12
SUV,13.72
SUV,10.17
SUV,15.72
SUV,19.63
SUV,16.97
SUV,10.90
SUV,6.58
SUV,7.00
SUV,8.02
SUV,15.02
SUV,14.92
SUV,1.88
SUV,12.53
SUV,18.90
SUV,12.77
SUV,2.43
SUV,6.60
SUV,19.08
SUV,8.77
SUV,17.07
SUV,16.93
Mini-vans,5.87
Mini-vans,8.20
Mini-vans,11.47
Mini-vans,12.68
Mini-vans,5.02
Mini-vans,18.33
Mini-vans,6.15
Mini-vans,19.08
Mini-vans,12.83
Mini-vans,14.10
Mini-vans,11.25
Mini-vans,12.80
Mini-vans,12.30
Mini-vans,9.88
Mini-vans,17.07
Mini-vans,14.27
Mini-vans,12.42
Mini-vans,9.38
Mini-vans,6.97
Mini-vans,2.95
Mini-vans,3.00
Mini-vans,17.12
Mini-vans,12.70
Mini-vans,3.43
Mini-vans,17.27
Mini-vans,13.52
Mini-vans,17.53
Mini-vans,13.28
Mini-vans,6.48
Mini-vans,15.68
Mini-vans,3.13
Mini-vans,8.67
Mini-vans,21.08
Mini-vans,6.02
Mini-vans,9.18
Mini-vans,18.30
Mini-vans,14.50
Mini-vans,3.43
Mini-vans,11.33
Mini-vans,5.25
Mini-vans,5.93
Mini-vans,7.55
Mini-vans,13.30
Mini-vans,12.77
Mini-vans,16.08
Mini-vans,14.98
Mini-vans,15.88
Mini-vans,2.92
Mini-vans,13.47
Mini-vans,8.53
Mini-vans,16.80
Mini-vans,20.27
Mini-vans,10.87
Mini-vans,9.93
Mini-vans,14.13
Mini-vans,10.95
Mini-vans,7.52
Mini-vans,15.47
Mini-vans,11.18
Mini-vans,1.78
Mini-vans,8.22
Mini-vans,17.10
Mini-vans,13.93
Mini-vans,6.17
Mini-vans,16.92
Mini-vans,12.10
Mini-vans,18.27
Mini-vans,17.43
Tricycle,7.58
Tricycle,11.05
Tricycle,10.43
Tricycle,14.25
Tricycle,14.85
Tricycle,13.35
Tricycle,17.65
Tricycle,13.55
Tricycle,9.95
Tricycle,15.50
Tricycle,11.60
Tricycle,15.05
Tricycle,10.52
Tricycle,3.27
Tricycle,15.42
Tricycle,20.45
Tricycle,20.55
Tricycle,9.70
Tricycle,7.08
Tricycle,14.32
Tricycle,15.33
Tricycle,17.53
Tricycle,21.32
Tricycle,17.55
Tricycle,20.60
Tricycle,5.03
Tricycle,7.62
Tricycle,22.70
Tricycle,11.92
Tricycle,20.48
Tricycle,2.33
Tricycle,9.40
Tricycle,14.35
Tricycle,12.82
Tricycle,14.45
Tricycle,15.72
Tricycle,21.15
Tricycle,12.37
Tricycle,14.03
Tricycle,15.83
Tricycle,8.00
Tricycle,14.77
Tricycle,8.33
Tricycle,10.35
Tricycle,11.48
Tricycle,11.25
Tricycle,13.67
Tricycle,13.57
Tricycle,12.55
Tricycle,6.15
Tricycle,15.02
Tricycle,13.63
Tricycle,12.87
Tricycle,10.78
Tricycle,11.82
Tricycle,11.53
Tricycle,11.70
Tricycle,11.22
Tricycle,11.77
Tricycle,14.47
Tricycle,10.03
Tricycle,10.02
Tricycle,21.25
Tricycle,9.18
Tricycle,20.30
Tricycle,16.32
Tricycle,13.18
Tricycle,8.50
Tricycle,12.05
Tricycle,19.50
Tricycle,18.20
Tricycle,15.93
Tricycle,14.58
Tricycle,16.23
Tricycle,10.47
Tricycle,21.03
Tricycle,12.52
Tricycle,21.53
Tricycle,15.20
Tricycle,11.62
Tricycle,14.97
Tricycle,14.15
Tricycle,10.43
Tricycle,13.68
Saloon,12.62
Saloon,11.50
Saloon,8.68
Saloon,15.78
Saloon,20.00
Saloon,10.35
Saloon,7.98
Saloon,15.32
Saloon,17.68
Saloon,21.68
Saloon,13.80
Saloon,4.72
Saloon,10.42
Saloon,12.93
Saloon,9.02
Saloon,11.93
Saloon,19.55
Saloon,13.73
Saloon,22.17
Saloon,14.13
Saloon,8.43
Saloon,18.82
Saloon,15.33
Saloon,9.62
Saloon,11.15
Saloon,5.53
Saloon,8.38
Saloon,10.75
Saloon,15.78
Saloon,15.68
Saloon,15.65
Saloon,19.13
Saloon,10.68
Saloon,7.38
Saloon,14.75
Saloon,3.73
Saloon,2.77
Saloon,17.32
Saloon,10.38
Saloon,14.20
Saloon,11.62
Saloon,9.20
Saloon,19.07
Saloon,6.18
Saloon,3.83
Saloon,14.62
Saloon,7.43
Saloon,2.97
Saloon,12.33
Saloon,16.92
Saloon,14.27
Saloon,10.95
Saloon,2.65
Saloon,8.13
Saloon,10.50
Saloon,11.97
Saloon,16.45
Saloon,6.87
Saloon,11.75
Saloon,21.10
Saloon,9.12
Saloon,10.22
Saloon,9.35
Saloon,15.62
Saloon,16.38
Saloon,10.70
Saloon,12.60
Saloon,21.00
Saloon,9.30
Saloon,17.32
Saloon,7.88
Saloon,19.23
Saloon,4.37
Saloon,5.92
Saloon,8.83
Saloon,17.65
Saloon,4.48
Saloon,13.13
Saloon,6.30
Saloon,4.73
Saloon,16.03
Saloon,6.90
Saloon,15.10
